"","resp_id","site","Mig_status","Reason","hh_age","hh_size","dist2park","dist_mig","PA","new_dist","education","MigrantF","PC1","PC2","Inhereted","Rented","Bought","Borrowed","Cleared","z.Mig_status","z.Reason","z.hh_age","z.hh_size","z.dist2park","z.dist_mig","z.new_dist","z.PC1","z.PC2","z.Inhereted","z.Rented","z.Bought","z.Borrowed","z.Cleared"
"1","AMB005","Zahamena",0,2,38,8,2485,0,"Established",8.828,"Low","Migrant",-0.218687588535817,-0.645152645517864,13236,0,0,0,1000.8,-1.29950955347693,-2.14476105895272,1.99637342136478,1.0973506036408,0.0437746476460603,-0.435870677499847,-0.393081768077442,-0.185938768111002,-0.717377413788913,0.0688149544035812,-0.301206564441926,-0.205374051295106,-0.420929184421018,-0.498536345368285
"2","AMB007","Zahamena",1,NA,8,4,2429,NA,"Established",NA,"Low","Non-migrant",-0.85656882570908,-0.307421386566984,7974.4,0,3691.2,8420,8838,0.763461862667698,NA,-0.472364889378424,-0.689361276646146,0.0180686535862154,NA,NA,-0.827083362102647,-0.426263885595405,-0.160370386244155,-0.301206564441926,0.0490097166321708,1.43128206805679,-0.25177681857756
"3","AMB009","Zahamena",1,NA,49,5,2315,NA,"Established",NA,"Low","Non-migrant",0.862623305276695,-2.1552291750885,0,0,0,776,149628,0.763461862667698,NA,2.90157746863729,-0.242683306574408,-0.0342614057498973,NA,NA,0.900904038340533,-2.01901501680822,-0.507720162065445,-0.301206564441926,-0.205374051295106,-0.250226579679595,4.18109126911526
"4","AMB010","Zahamena",1,NA,13,6,2262,NA,"Established",NA,"Low","Non-migrant",1.08773720784006,-2.30461792429099,0,0,11543,11106,0,0.763461862667698,NA,-0.0609085042545568,0.203994663497329,-0.0585902929851076,NA,NA,1.12716960824577,-2.14778333392475,-0.507720162065445,-0.301206564441926,0.590126553707212,2.02214185714888,-0.530047208229021
"5","AMB018","Zahamena",1,NA,16,7,2328,NA,"Established",NA,"High","Non-migrant",0.290770624759449,-0.156902971201508,1155.6,0,0,15928,16652.5,0.763461862667698,NA,0.185965326819764,0.650672633569066,-0.0282939428431476,NA,NA,0.326125798588552,-0.296521832427881,-0.457384412549609,-0.301206564441926,-0.205374051295106,3.08287376444674,-0.00573201659392789
"6","AMB020","Zahamena",1,NA,10,3,2294,NA,"Established",NA,"Low","Non-migrant",-0.767953921783867,-0.449489832536651,6695,0,2409,0,0,0.763461862667698,NA,-0.307782335328877,-1.13603924671788,-0.0439011535223391,NA,NA,-0.738015110384644,-0.548722335783499,-0.21609862952086,-0.301206564441926,-0.0393547359134389,-0.420929184421018,-0.530047208229021
"7","AMB021","Zahamena",1,NA,10,8,2358,NA,"Established",NA,"Low","Non-migrant",-1.18582760886131,-0.0596662917419072,4666,0,802,17440,0,0.763461862667698,NA,-0.307782335328877,1.0973506036408,-0.0145228745968021,NA,NA,-1.15802661068887,-0.212706929077692,-0.304478030496657,-0.301206564441926,-0.150103195779914,3.4154798705924,-0.530047208229021
"8","AMB028","Zahamena",0,4,43,7,2071,0,"Established",8.828,"Low","Migrant",-0.380688588764719,0.302188801492743,23888,0,0,578,34975,-1.29950955347693,0,2.40782980648865,0.650672633569066,-0.146266094153507,-0.435870677499847,-0.393081768077442,-0.348768554386385,0.0992005716184477,0.532795919999537,-0.301206564441926,-0.205374051295106,-0.293782141198669,0.571164251157701
"9","AMB036","Zahamena",1,NA,3,7,2475,NA,"Established",NA,"Low","Non-migrant",-0.968408388209427,-0.0148576932892244,14778,0,223,840,20577,0.763461862667698,NA,-0.883821274502292,0.650672633569066,0.0391842915639451,NA,NA,-0.939495088161947,-0.174083352363214,0.13598155682087,-0.301206564441926,-0.19000572114562,-0.236148014340096,0.11783351227993
"10","AMB039","Zahamena",1,NA,60,7,910,NA,"Established",NA,"Low","Non-migrant",0.38423486269493,-1.13976261412563,8397,0,0,0,0,0.763461862667698,NA,3.8067815159098,0.650672633569066,-0.679206435287076,NA,NA,0.42006819317823,-1.14371536511852,-0.141962729835888,-0.301206564441926,-0.205374051295106,-0.420929184421018,-0.530047208229021
"11","AMB042","Zahamena",1,NA,20,7,2203,NA,"Established",NA,"Low","Non-migrant",-0.622320617884213,-0.292215598252534,0,0,23117.2,615.5,0,0.763461862667698,NA,0.515130434918858,0.650672633569066,-0.085673393869587,NA,NA,-0.591636756454406,-0.413156983086783,-0.507720162065445,-0.301206564441926,1.38777734660488,-0.285532981820057,-0.530047208229021
"12","AMB046","Zahamena",1,NA,10,7,2293,NA,"Established",NA,"Low","Non-migrant",0.972627759283538,-1.27865182455684,59697,0,0,1579,0,0.763461862667698,NA,-0.307782335328877,0.650672633569066,-0.0443601891305506,NA,NA,1.01147126761668,-1.26343341609858,2.09256820661478,-0.301206564441926,-0.205374051295106,-0.0735845801855714,-0.530047208229021
"13","AMB049","Zahamena",1,NA,40,3,2051,NA,"Established",NA,"Low","Non-migrant",1.80038367563288,-1.88856666235435,17373.6,0,0,0,99769,0.763461862667698,NA,2.16095597541433,-1.13603924671788,-0.155446806317737,NA,NA,1.84346192666757,-1.78916047162893,0.249040981745848,-0.301206564441926,-0.205374051295106,-0.420929184421018,2.61124703313063
"14","AMB055","Zahamena",1,NA,17,5,2499,NA,"Established",NA,"Low","Non-migrant",0.17716411403146,-1.07848972683268,0,0,0,4763,0,0.763461862667698,NA,0.268256603844537,-0.242683306574408,0.0502011461610215,NA,NA,0.211938084715226,-1.09090009875004,-0.507720162065445,-0.301206564441926,-0.205374051295106,0.626824045454492,-0.530047208229021
"15","AMB057","Zahamena",1,NA,8,6,2255,NA,"Established",NA,"Low","Non-migrant",0.276539658605124,-0.273909982033908,4143.75,0,0,17804,0,0.763461862667698,NA,-0.472364889378424,0.203994663497329,-0.0618035422425882,NA,NA,0.311822027783886,-0.397378128207568,-0.327226252359452,-0.301206564441926,-0.205374051295106,3.4955517109608,-0.530047208229021
"16","AMB059","Zahamena",1,NA,7,4,2270,NA,"Established",NA,"Low","Non-migrant",1.29924383292969,2.24025483248944,12856,0,9101,0,0,0.763461862667698,NA,-0.554656166403198,-0.689361276646146,-0.0549180081194155,NA,NA,1.33975828677559,1.76975141700968,0.0522628733928355,-0.301206564441926,0.421833001128536,-0.420929184421018,-0.530047208229021
"17","AMB060","Zahamena",1,NA,14,8,2294,NA,"Established",NA,"Low","Non-migrant",0.3520572272053,1.70758592619424,8558,0,22432,0,0,0.763461862667698,NA,0.0213827727702167,1.0973506036408,-0.0439011535223391,NA,NA,0.387725939104364,1.3106078803638,-0.134949874460283,-0.301206564441926,1.34055591244153,-0.420929184421018,-0.530047208229021
"18","AMB061","Zahamena",1,NA,25,4,2477,NA,"Established",NA,"Low","Non-migrant",0.517063197828152,-0.669977221905393,0,0,0,0,15114,0.763461862667698,NA,0.926586820042725,-0.689361276646146,0.0401023627803682,NA,NA,0.553576068996881,-0.738775403541274,-0.507720162065445,-0.301206564441926,-0.205374051295106,-0.420929184421018,-0.0541727265372151
"19","AMB064","Zahamena",1,NA,3,3,2277,NA,"Established",NA,"High","Non-migrant",1.13740248362365,1.00195541630545,0,0,0,15510,0,0.763461862667698,NA,-0.883821274502292,-1.13603924671788,-0.0517047588619349,NA,NA,1.17708896818628,0.702376981119183,-0.507720162065445,-0.301206564441926,-0.205374051295106,2.99092313457314,-0.530047208229021
"20","AMB067","Zahamena",1,NA,9,6,2500,NA,"Established",NA,"Low","Non-migrant",0.25602366947792,0.17424953968144,0,19484,0,0,0,0.763461862667698,NA,-0.390073612353651,0.203994663497329,0.050660181769233,NA,NA,0.291201080258311,-0.0110789743615657,-0.507720162065445,4.47588116798822,-0.205374051295106,-0.420929184421018,-0.530047208229021
"21","AMB079","Zahamena",1,NA,8,5,2429,NA,"Established",NA,"Low","Non-migrant",-0.236615248219079,-0.189709440411335,6290,0,11642,0,0,0.763461862667698,NA,-0.472364889378424,-0.242683306574408,0.0180686535862154,NA,NA,-0.203958144476078,-0.324799958145091,-0.233739663229681,-0.301206564441926,0.59694926529824,-0.420929184421018,-0.530047208229021
"22","AMB083","Zahamena",1,NA,7,6,2347,NA,"Established",NA,"Low","Non-migrant",0.520945691994066,-0.659051696818622,10943,0,0,158,0,0.763461862667698,NA,-0.554656166403198,0.203994663497329,-0.0195722662871288,NA,NA,0.55747842573763,-0.729357950844545,-0.0310637870638922,-0.301206564441926,-0.205374051295106,-0.38617272623913,-0.530047208229021
"23","AMB085","Zahamena",1,NA,6,5,2287,NA,"Established",NA,"Low","Non-migrant",0.617636570679429,0.0175404872461211,28088.5,0,0,204,0,0.763461862667698,NA,-0.636947443427971,-0.242683306574408,-0.0471144027798197,NA,NA,0.654663968350766,-0.146157158406538,0.715761752330161,-0.301206564441926,-0.205374051295106,-0.376053757401365,-0.530047208229021
"24","AMP001","Ampahitra",0,4,8,3,-1703,18.4,"New",21.029,"Low","Migrant",-0.659926547029086,-0.536930653072463,0,0,0,0,41616,-1.29950955347693,0,-0.472364889378424,-1.13603924671788,-1.87866647954377,-0.323961902084967,-0.317438279974676,-0.629435074962902,-0.624093522487948,-0.507720162065445,-0.301206564441926,-0.205374051295106,-0.420929184421018,0.780260614325312
"25","AMP008","Ampahitra",1,NA,8,10,-2357,NA,"New",NA,"Low","Non-migrant",-0.614902416721333,0.816168427823444,14628,0,0,0,14628,0.763461862667698,NA,-0.472364889378424,1.99070654378428,-2.1788757673141,NA,NA,-0.584180604281316,0.542234547524342,0.129447840632418,-0.301206564441926,-0.205374051295106,-0.420929184421018,-0.0694747642573566
"26","AMP014","Ampahitra",0,5,2,7,-2390,37.57,"New",32.082,"Low","Migrant",-0.300862623804437,1.32152081251215,0,0,0,0,76956.75,-1.29950955347693,1.07238052947636,-0.966112551527065,0.650672633569066,-2.19402394238508,-0.207369987698921,-0.24891213670774,-0.268534205244447,0.977832117452356,-0.507720162065445,-0.301206564441926,-0.205374051295106,-0.420929184421018,1.89298795909504
"27","AMP016","Ampahitra",0,4,3,3,-1112,0,"New",13.676,"Low","Migrant",0.200791249691918,-0.234524764756149,0,0,0,0,75494.5,-1.29950955347693,0,-0.883821274502292,-1.13603924671788,-1.60737643509076,-0.435870677499847,-0.363025245634838,0.235686095187111,-0.363429332363166,-0.507720162065445,-0.301206564441926,-0.205374051295106,-0.420929184421018,1.84694803181875
"28","AMP017","Ampahitra",0,4,34,5,-1717,18.4,"New",21.029,"Low","Migrant",1.26661995343083,1.52933624764795,0,0,0,0,144114,-1.29950955347693,0,1.66720831326569,-0.242683306574408,-1.88509297805873,-0.323961902084967,-0.317438279974676,1.30696750573864,1.15696236652489,-0.507720162065445,-0.301206564441926,-0.205374051295106,-0.420929184421018,4.00747926090773
"29","AMP021","Ampahitra",0,4,9,10,-2408,29.4,"New",25.897,"Low","Migrant",0.681807373184708,0.779736559083279,0,0,0,0,81636.5,-1.29950955347693,0,-0.390073612353651,1.99070654378428,-2.20228658333288,-0.257059916782593,-0.28725776197744,0.719163064296412,0.510831443528052,-0.507720162065445,-0.301206564441926,-0.205374051295106,-0.420929184421018,2.04033304350005
"30","AMP031","Ampahitra",0,4,2,4,-61,33.84,"New",34.905,"High","Migrant",0.979023024715978,1.23774500172931,4249,26535,0,0,0,-1.29950955347693,0,-0.966112551527065,-0.689361276646146,-1.12493001086046,-0.23005584271509,-0.231410164171546,1.01789925079004,0.905620051770241,-0.322641761500555,6.20464556961853,-0.205374051295106,-0.420929184421018,-0.530047208229021
"31","AMP032","Ampahitra",1,NA,6,4,-79,NA,"New",NA,"Low","Non-migrant",-0.477138787442106,0.20635779946015,377.75,0,0,1511,0,0.763461862667698,NA,-0.636947443427971,-0.689361276646146,-1.13319265180826,NA,NA,-0.445712185689073,0.0165973171886145,-0.491266086797526,-0.301206564441926,-0.205374051295106,-0.0885430558587888,-0.530047208229021
"32","AMP033","Ampahitra",0,4,34,6,-186,18.4,"New",21.029,"High","Migrant",0.122812699781017,3.06895523171905,0,0,0,14269.2,0,-1.29950955347693,0,1.66720831326569,0.203994663497329,-1.1823094618869,-0.323961902084967,-0.317438279974676,0.157308612343699,2.4840646191234,-0.507720162065445,-0.301206564441926,-0.205374051295106,2.7179749490536,-0.530047208229021
"33","AMP037","Ampahitra",0,5,10,5,81,33.41,"New",35.878,"Low","Migrant",-1.13325867072695,0.202722683656691,21180,0,0,0,0,-1.29950955347693,1.07238052947636,-0.307782335328877,-0.242683306574408,-1.05974695449442,-0.232671102140546,-0.225377780438738,-1.10518873345943,0.013463963793302,0.414840563744012,-0.301206564441926,-0.205374051295106,-0.420929184421018,-0.530047208229021
"34","AMP039","Ampahitra",0,4,7,8,-998,29.4,"New",25.897,"Low","Migrant",-0.0367331331576043,1.78781630302216,0,0,0,0,39414.25,-1.29950955347693,0,-0.554656166403198,1.0973506036408,-1.55504637575465,-0.257059916782593,-0.28725776197744,-0.00305344617332591,1.37976389553167,-0.507720162065445,-0.301206564441926,-0.205374051295106,-0.420929184421018,0.710937030888437
"35","AMP041","Ampahitra",0,2,39,7,-905,23.097,"New",22.77,"Low","Migrant",0.399138520023445,1.15859795494961,0,0,0,0,44125,-1.29950955347693,-2.14476105895272,2.07866469838955,0.650672633569066,-1.51235606419098,-0.295394754360853,-0.306644466944029,0.435048096599164,0.837397832406513,-0.507720162065445,-0.301206564441926,-0.205374051295106,-0.420929184421018,0.8592581711974
"36","AMP042","Ampahitra",0,3,2,3,470,481.156,"New",473.586,"Low","Migrant",-1.44070730003001,0.00596009846200929,7308.9,5829,0,0,0,-1.29950955347693,-1.07238052947636,-0.966112551527065,-1.13603924671788,-0.881182102900143,2.4905194716046,2.48831453088703,-1.41421024893983,-0.15613908263608,-0.189358307066921,1.12794783877791,-0.205374051295106,-0.420929184421018,-0.530047208229021
"37","AMP044","Ampahitra",1,NA,6,4,-181,NA,"New",NA,"Low","Non-migrant",-0.1542800688401,0.723462700392325,0,0,0,0,89042.4,0.763461862667698,NA,-0.636947443427971,-0.689361276646146,-1.18001428384584,NA,NA,-0.121201743945949,0.462325179703154,-0.507720162065445,-0.301206564441926,-0.205374051295106,-0.420929184421018,2.273512798956
"38","AMP050","Ampahitra",1,NA,10,6,-46,NA,"New",NA,"Low","Non-migrant",2.31039953852499,0.980730033414343,113228.2,0,0,0,116129.7,0.763461862667698,NA,-0.307782335328877,0.203994663497329,-1.11804447673728,NA,NA,2.3560869958612,0.684081380884006,4.42428599346328,-0.301206564441926,-0.205374051295106,-0.420929184421018,3.12637470499878
"39","AMP052","Ampahitra",0,6,7,6,120,425.84,"New",425.646,"Low","Migrant",-0.67340474487226,-0.0445337431107491,0,0,0,19230,30955.5,-1.29950955347693,2.14476105895272,-0.554656166403198,0.203994663497329,-1.04184456577417,2.15408763351496,2.19109718643604,-0.64298222634518,-0.199663156830312,-0.507720162065445,-0.301206564441926,-0.205374051295106,3.8092397449315,0.444607583223321
"40","AMP054","Ampahitra",1,NA,4,5,111,NA,"New",NA,"Low","Non-migrant",-1.31973827805551,-0.0450623051179004,0,9815,0,0,29445,0.763461862667698,NA,-0.801529997477518,-0.242683306574408,-1.04597588624808,NA,NA,-1.29262235771559,-0.200118760351434,-0.507720162065445,2.10523544406772,-0.205374051295106,-0.420929184421018,0.39704847216103
"41","AMP061","Ampahitra",1,NA,34,6,2481,NA,"New",NA,"Low","Non-migrant",-0.339536270506322,-0.303749650921879,165465,0,0,0,640.5,0.763461862667698,NA,1.66720831326569,0.203994663497329,0.0419385052132142,NA,NA,-0.307405703680011,-0.423098967069472,6.69962216541623,-0.301206564441926,-0.205374051295106,-0.420929184421018,-0.509880633826242
"42","AMP072","Ampahitra",1,NA,10,4,1842,NA,"New",NA,"Low","Non-migrant",-1.43047432225822,-0.255285758989344,0,664,0,0,0,0.763461862667698,NA,-0.307782335328877,-0.689361276646146,-0.251385248433944,NA,NA,-1.40392491995306,-0.38132464444889,-0.507720162065445,-0.138407023570769,-0.205374051295106,-0.420929184421018,-0.530047208229021
"43","AMP073","Ampahitra",0,5,30,2,3934,NA,"New",NA,"Low","Migrant",4.0167154991269,5.46791045911344,17060,0,0,0,70602,-1.29950955347693,1.07238052947636,1.33804320516659,-1.58271721678962,0.708917243944546,NA,NA,4.07113235231275,4.55188719022456,0.23538115910119,-0.301206564441926,-0.205374051295106,-0.420929184421018,1.6929043702019
"44","AMP074","Ampahitra",1,NA,4,4,1497,NA,"New",NA,"Low","Non-migrant",-0.298274294360495,1.32880449590333,0,0,0,0,32444,0.763461862667698,NA,-0.801529997477518,-0.689361276646146,-0.409752533266917,NA,NA,-0.265932634083949,0.984110419250175,-0.507720162065445,-0.301206564441926,-0.205374051295106,-0.420929184421018,0.491474009450544
"45","AMP080","Ampahitra",0,5,12,5,2644,18.4,"New",21.029,"Low","Migrant",-0.435916162763362,-0.183532255125754,0,0,0,0,4083,-1.29950955347693,1.07238052947636,-0.14319978127933,-0.242683306574408,0.116761309351691,-0.323961902084967,-0.317438279974676,-0.40427866887951,-0.319475422274835,-0.507720162065445,-0.301206564441926,-0.205374051295106,-0.420929184421018,-0.40149119997524
"46","AMP082","Ampahitra",1,NA,3,3,4939,NA,"New",NA,"Low","Non-migrant",-0.232732754053165,-0.178783915324564,2535,0,0,0,4142.5,0.763461862667698,NA,-0.883821274502292,-1.13603924671788,1.17024803019712,NA,NA,-0.20005578773533,-0.315382505448362,-0.397300358480602,-0.301206564441926,-0.205374051295106,-0.420929184421018,-0.399617802353124
"47","AMP089","Ampahitra",0,4,7,5,3028,NA,"New",NA,"Low","Migrant",-0.558109043039479,0.0798967045872834,13994.4,0,0,0,216,-1.29950955347693,0,-0.554656166403198,-0.242683306574408,0.293030982904913,NA,NA,-0.527096679580804,-0.0924080962339213,0.101849423452396,-0.301206564441926,-0.205374051295106,-0.420929184421018,-0.523246302575625
"48","AMP091","Ampahitra",0,4,12,9,3170,0,"New",13.676,"Low","Migrant",0.182743250004668,-0.0694621506656952,60956,0,0,0,26006.5,-1.29950955347693,0,-0.14319978127933,1.54402857371254,0.358214039270948,-0.435870677499847,-0.363025245634838,0.21754576316681,-0.221150645723431,2.14740786448986,-0.301206564441926,-0.205374051295106,-0.420929184421018,0.288784981007313
"49","AMP098","Ampahitra",1,NA,4,4,1855,NA,"New",NA,"Low","Non-migrant",-0.852837626500418,1.21951935108611,401,0,0,3523,22511,0.763461862667698,NA,-0.801529997477518,-0.689361276646146,-0.245417785527194,NA,NA,-0.823333074333813,0.889910124655867,-0.490253360788316,-0.301206564441926,-0.205374051295106,0.354051842001704,0.178726806417283
"50","AMP102","Ampahitra",0,4,25,8,2083,33.84,"New",34.905,"High","Migrant",0.990550619849019,1.54716179238004,0,0,0,0,17902.8,-1.29950955347693,0,0.926586820042725,1.0973506036408,-0.140757666854969,-0.23005584271509,-0.231410164171546,1.02948582031202,1.17232741515868,-0.507720162065445,-0.301206564441926,-0.205374051295106,-0.420929184421018,0.0336345220099668
"51","AMP104","Ampahitra",0,4,8,5,1442,0,"New",13.676,"Low","Migrant",-0.671383383102492,-0.0632782394879829,29408,0,0,0,19274,-1.29950955347693,0,-0.472364889378424,-0.242683306574408,-0.43499949171855,-0.435870677499847,-0.363025245634838,-0.640950523426732,-0.215820312349579,0.773236675734579,-0.301206564441926,-0.205374051295106,-0.420929184421018,0.0768076786393042
"52","AMP107","Ampahitra",0,3,13,5,-221,29.4,"New",25.897,"Low","Migrant",-0.567238502513625,-0.161644585110566,0,0,0,0,19300,-1.29950955347693,-1.07238052947636,-0.0609085042545568,-0.242683306574408,-1.1983757081743,-0.257059916782593,-0.28725776197744,-0.536272844745738,-0.300608951750757,-0.507720162065445,-0.301206564441926,-0.205374051295106,-0.420929184421018,0.0776263061716574
"53","AMP108","Ampahitra",0,4,2,6,321,18.4,"New",21.029,"Low","Migrant",-1.01617214291837,0.14077475499001,0,0,0,6528,0,-1.29950955347693,0,-0.966112551527065,0.203994663497329,-0.949578408523658,-0.323961902084967,-0.317438279974676,-0.987503198975941,-0.0399331666187815,-0.507720162065445,-0.301206564441926,-0.205374051295106,1.01508448020786,-0.530047208229021
"54","AMP109","Ampahitra",0,4,4,3,518,671.33,"New",657.72,"High","Migrant",-1.12290535295118,0.231857417221413,0,0,0,0,40437,-1.29950955347693,0,-0.801529997477518,-1.13603924671788,-0.85914839370599,3.64715748550402,3.62990440371015,-1.09478244881743,0.0385771709845783,-0.507720162065445,-0.301206564441926,-0.205374051295106,-0.420929184421018,0.743139004300525
"55","AMP110","Ampahitra",1,NA,7,3,381,NA,"New",NA,"Low","Non-migrant",-1.63864374343197,0.231827523271898,0,0,0,1043,0,0.763461862667698,NA,-0.554656166403198,-1.13603924671788,-0.922036272030967,NA,NA,-1.61315932165982,0.0385514033575544,-0.507720162065445,-0.301206564441926,-0.205374051295106,-0.191492564903874,-0.530047208229021
"56","AMP113","Ampahitra",1,NA,12,5,319,NA,"New",NA,"Low","Non-migrant",1.64274327381096,1.95561324413495,54207.5,0,151974,0,32524.5,0.763461862667698,NA,-0.14319978127933,-0.242683306574408,-0.950496479740081,NA,NA,1.68501504732263,1.52439948448829,1.85345597317139,-0.301206564441926,10.2681084874403,-0.420929184421018,0.494008606233407
"57","AMP115","Ampahitra",0,3,1,3,518,33.41,"New",35.878,"Low","Migrant",-1.33009159583128,-0.0741970386826226,0,0,2052,0,0,-1.29950955347693,-1.07238052947636,-1.04840382855184,-1.13603924671788,-0.85914839370599,-0.232671102140546,-0.225377780438738,-1.30302864235759,-0.22523196754271,-0.507720162065445,-0.301206564441926,-0.0639578474083559,-0.420929184421018,-0.530047208229021
"58","AMP118","Ampahitra",1,NA,13,7,407,NA,"New",NA,"Low","Non-migrant",-0.653416371952147,1.5037227568166,5394,7446,0,0,2697,0.763461862667698,NA,-0.0609085042545568,0.650672633569066,-0.910101346217468,NA,NA,-0.622891594275156,1.13488435778969,-0.272767727928702,1.52440394960421,-0.205374051295106,-0.420929184421018,-0.445130344584532
"59","AMP120","Ampahitra",0,6,1,5,1057,681.757,"New",670.768,"Low","Migrant",3.0132637143785,5.81232359976506,0,0,1065,0,0,-1.29950955347693,2.14476105895272,-1.04840382855184,-0.242683306574408,-0.611728200879983,3.71057448557201,3.71079910355155,3.06254697680663,4.84876028643353,-0.507720162065445,-0.301206564441926,-0.131978214482538,-0.420929184421018,-0.530047208229021
"60","AMP122","Ampahitra",1,NA,41,11,1424,NA,"New",NA,"Low","Non-migrant",0.321679283129506,1.44651644205898,0,0,0,0,39638,0.763461862667698,NA,2.2432472524391,2.43738451385602,-0.443262132666357,NA,NA,0.35719258354262,1.08557434670049,-0.507720162065445,-0.301206564441926,-0.205374051295106,-0.420929184421018,0.717981950517823
"61","AMP123","Ampahitra",1,NA,14,6,1892,NA,"New",NA,"Low","Non-migrant",0.436177481494143,1.37728483000112,8111,0,0,0,4901,0.763461862667698,NA,0.0213827727702167,0.203994663497329,-0.228433468023368,NA,NA,0.472276546865608,1.02589891449059,-0.154420348701871,-0.301206564441926,-0.205374051295106,-0.420929184421018,-0.375735918380434
"62","AMP127","Ampahitra",1,NA,3,3,74,NA,"New",NA,"Low","Non-migrant",0.225113590235491,0.983358096829407,0,18357,0,0,11014.2,0.763461862667698,NA,-0.883821274502292,-1.13603924671788,-1.0629602037519,NA,NA,0.260132867162785,0.686346687374889,-0.507720162065445,4.19956327256383,-0.205374051295106,-0.420929184421018,-0.183257694119593
"63","AMP131","Ampahitra",0,5,7,6,25,61.53,"New",66.002,"Low","Migrant",-1.63883438985631,-0.274601465572894,0,0,0,5095,1528.5,-1.29950955347693,1.07238052947636,-0.554656166403198,0.203994663497329,-1.08545294855427,-0.0616452997130234,-0.0386156760532168,-1.61335094341824,-0.397974164871001,-0.507720162065445,-0.301206564441926,-0.205374051295106,0.699856603153142,-0.481921355028947
"64","AMP138","Ampahitra",1,NA,13,6,127,NA,"New",NA,"Low","Non-migrant",0.576103412211649,0.177641768377642,3205.75,0,0,0,12823,0.763461862667698,NA,-0.0609085042545568,0.203994663497329,-1.03863131651669,NA,NA,0.612918329082524,-0.00815498187340147,-0.36808375759124,-0.301206564441926,-0.205374051295106,-0.420929184421018,-0.126306406407265
"65","AMP139","Ampahitra",1,NA,2,5,-19,NA,"New",NA,"Low","Non-migrant",-1.21312056223933,-0.503472310546285,0,0,0,0,11067,0.763461862667698,NA,-0.966112551527065,-0.242683306574408,-1.10565051531557,NA,NA,-1.18545919295125,-0.595253502850562,-0.507720162065445,-0.301206564441926,-0.205374051295106,-0.420929184421018,-0.18159525051543
"66","AMP143","Ampahitra",1,NA,4,4,73,NA,"New",NA,"Low","Non-migrant",0.447754657571537,1.19401300743272,37359,0,0,0,60705,0.763461862667698,NA,-0.801529997477518,-0.689361276646146,-1.06341923936011,NA,NA,0.483912950984663,0.86792447335631,1.11956719183047,-0.301206564441926,-0.205374051295106,-0.420929184421018,1.3812906514442
"67","AMP145","Ampahitra",1,NA,15,7,-101,NA,"New",NA,"Low","Non-migrant",1.03348405019974,-0.276591804990482,17136,0,0,0,37629.6,0.763461862667698,NA,0.10367404979499,0.650672633569066,-1.14329143518892,NA,NA,1.07263889515846,-0.399689773701396,0.23869157530334,-0.301206564441926,-0.205374051295106,-0.420929184421018,0.654746122210967
"68","AMP173","Ampahitra",0,4,9,6,2575,29.4,"New",25.897,"Low","Migrant",-1.01358381347443,0.148058438381191,0,0,0,15850,0,-1.29950955347693,0,-0.390073612353651,0.203994663497329,0.0850878523850966,-0.257059916782593,-0.28725776197744,-0.984901627815445,-0.033654864820962,-0.507720162065445,-0.301206564441926,-0.205374051295106,3.06571551293922,-0.530047208229021
"69","AMP176","Ampahitra",0,4,5,5,971,29.4,"New",25.897,"Low","Migrant",-0.72874768727606,0.672623396020644,0,0,0,5798.75,0,-1.29950955347693,0,-0.719238720452745,-0.242683306574408,-0.651205263186174,-0.257059916782593,-0.28725776197744,-0.698608299460338,0.418503327640901,-0.507720162065445,-0.301206564441926,-0.205374051295106,0.854665827491771,-0.530047208229021
"70","AMP192","Ampahitra",0,4,10,8,1255,29.4,"New",25.897,"Low","Migrant",-0.434893180363343,1.61276501452657,0,0,4967,0,7781.1,-1.29950955347693,0,-0.307782335328877,1.0973506036408,-0.520839150454103,-0.257059916782593,-0.28725776197744,-0.40325045297144,1.22887529147686,-0.507720162065445,-0.301206564441926,0.136933104994118,-0.420929184421018,-0.285054027767719
"71","AMP196","Ampahitra",0,4,7,10,2271,29.4,"New",25.897,"Low","Migrant",-0.689059454687974,0.265351124113484,29302,0,0,0,6706,-1.29950955347693,0,-0.554656166403198,1.99070654378428,-0.054458972511204,-0.257059916782593,-0.28725776197744,-0.658717024586513,0.0674476735726971,0.76861951629474,-0.301206564441926,-0.205374051295106,-0.420929184421018,-0.318904276230526
"72","AMP199","Ampahitra",0,4,2,11,979,29.4,"New",25.897,"Low","Migrant",-0.89852349322298,0.181801758272651,0,8411,6652,0,0,-1.29950955347693,0,-0.966112551527065,2.43738451385602,-0.647532978320482,-0.257059916782593,-0.28725776197744,-0.869252666828485,-0.00456920382209725,-0.507720162065445,1.76100267993654,0.253057034598979,-0.420929184421018,-0.530047208229021
"73","AMP201","Ampahitra",0,4,15,9,455,70.74,"New",83.827,"Low","Migrant",0.245546071189378,1.06572258009452,0,0,0,0,174742.2,-1.29950955347693,0,0.10367404979499,1.54402857371254,-0.888067637023315,-0.00563009201894507,0.0718953620118446,0.280669879292935,0.757342233939412,-0.507720162065445,-0.301206564441926,-0.205374051295106,-0.420929184421018,4.97182879115472
"74","ANT001","Zahamena",0,3,4,6,1878,22.875,"Established",25.327,"High","Migrant",0.88850659971612,-2.08239234117669,0,0,0,6958,0,-1.29950955347693,-1.07238052947636,-0.801529997477518,0.203994663497329,-0.234859966538329,-0.296744958064229,-0.29079163528443,0.926919749945519,-1.95623199883003,-0.507720162065445,-0.301206564441926,-0.205374051295106,1.10967484108261,-0.530047208229021
"75","ANT003","Zahamena",1,NA,25,5,2048,NA,"Established",NA,"Low","Non-migrant",-0.66802370602589,-1.33719351480191,846,0,18138.9,0,0,0.763461862667698,NA,0.926586820042725,-0.242683306574408,-0.156823913142372,NA,NA,-0.637573658471797,-1.3138944780879,-0.470870002762575,-0.301206564441926,1.04469143636638,-0.420929184421018,-0.530047208229021
"76","ANT013","Zahamena",1,NA,16,3,1898,NA,"Established",NA,"Low","Non-migrant",0.861329140554724,-2.15887101678409,17026,0,0,291,21248,0.763461862667698,NA,0.185965326819764,-1.13603924671788,-0.225679254374099,NA,NA,0.899603252760284,-2.02215416770713,0.233900183431808,-0.301206564441926,-0.205374051295106,-0.356915707642984,0.138960399749508
"77","ANT015","Zahamena",1,NA,43,4,1776,NA,"Established",NA,"High","Non-migrant",0.637509402713335,-2.005840425886,3595,0,0,0,21340,0.763461862667698,NA,2.40782980648865,-0.689361276646146,-0.281681598575904,NA,NA,0.674638468435305,-1.89024669969168,-0.351128764082206,-0.301206564441926,-0.205374051295106,-0.420929184421018,0.141857081787066
"78","ANT017","Zahamena",1,NA,30,7,1923,NA,"Established",NA,"Low","Non-migrant",-0.681852195094891,-0.459740316249687,24522,0,19992.1,743,30308,0.763461862667698,NA,1.33804320516659,0.650672633569066,-0.214203364168811,NA,NA,-0.651472893145875,-0.557557924436624,0.560411760422728,-0.301206564441926,1.17240708404812,-0.257485839932774,0.424220609100293
"79","ANT021","Zahamena",1,NA,1,4,2049,NA,"Established",NA,"High","Non-migrant",-0.433518479743755,-0.682677560579366,25771,0,0,0,0,0.763461862667698,NA,-1.04840382855184,-0.689361276646146,-0.15636487753416,NA,NA,-0.401868719477425,-0.749722688705572,0.614815837218574,-0.301206564441926,-0.205374051295106,-0.420929184421018,-0.530047208229021
"80","ANT026","Zahamena",1,NA,20,8,1953,NA,"Established",NA,"Low","Non-migrant",-1.10756602271187,-0.230869471276296,2242,0,0,0,4896,0.763461862667698,NA,0.515130434918858,1.0973506036408,-0.200432295922466,NA,NA,-1.07936464361287,-0.360278586457063,-0.410062884102046,-0.301206564441926,-0.205374051295106,-0.420929184421018,-0.375893346752041
"81","ANT034","Zahamena",1,NA,5,7,1939,NA,"Established",NA,"Low","Non-migrant",-1.02017013130092,-0.237478113293743,4168,0,0,2579,0,0.763461862667698,NA,-0.719238720452745,0.650672633569066,-0.206858794437427,NA,NA,-0.991521640793845,-0.365975024211279,-0.326169968242319,-0.301206564441926,-0.205374051295106,0.146393003244097,-0.530047208229021
"82","ANT037","Zahamena",1,NA,19,7,1925,NA,"Established",NA,"Low","Non-migrant",-0.145291674845936,-0.034113611973746,16142,0,0,7675,5440,0.763461862667698,NA,0.432839157894084,0.650672633569066,-0.213285292952388,NA,NA,-0.112167365942352,-0.190681337531278,0.195394816027863,-0.301206564441926,-0.205374051295106,1.26739876840169,-0.358765139921265
"83","ANT047","Zahamena",1,NA,27,10,1894,NA,"Established",NA,"Low","Non-migrant",0.702453473032513,-1.16604040689343,0,0,0,1648,19421,0.763461862667698,NA,1.09116937409227,1.99070654378428,-0.227515396806945,NA,NA,0.739914788180142,-1.16636598084635,-0.507720162065445,-0.301206564441926,-0.205374051295106,-0.0584061269289243,0.0814360727645321
"84","ANT048","Zahamena",1,NA,3,8,1995,NA,"Established",NA,"Low","Non-migrant",1.06900724557087,1.23842004310305,10012.6,0,0,962.75,0,0.763461862667698,NA,-0.883821274502292,1.0973506036408,-0.181152800377582,NA,NA,1.10834382476956,0.906201915813849,-0.0715902506754653,-0.301206564441926,-0.205374051295106,-0.209145765974104,-0.530047208229021
"85","ANT050","Zahamena",1,NA,3,4,2007,NA,"Established",NA,"Low","Non-migrant",-0.194204135648801,0.473027038086427,0,0,7253,0,0,0.763461862667698,NA,-0.883821274502292,-0.689361276646146,-0.175644373079044,NA,NA,-0.161330059552145,0.246457659871501,-0.507720162065445,-0.301206564441926,0.294475718096024,-0.420929184421018,-0.530047208229021
"86","ANT051","Zahamena",1,NA,1,5,2038,NA,"Established",NA,"High","Non-migrant",-0.0309089706979274,-0.470672567228589,7815,0,0,21977.5,0,0.763461862667698,NA,-1.04840382855184,-0.242683306574408,-0.161414269224487,NA,NA,0.00280051230348794,-0.566981174636949,-0.167313548647083,-0.301206564441926,-0.205374051295106,4.41362815540452,-0.530047208229021
"87","ANT052","Zahamena",1,NA,30,7,2048,NA,"Established",NA,"Low","Non-migrant",-0.0899845331827604,1.13207180465817,18397.8,0,0,1483,7676,0.763461862667698,NA,1.33804320516659,0.650672633569066,-0.156823913142372,NA,NA,-0.0565772767219609,0.814533140447823,0.2936531958806,-0.301206564441926,-0.205374051295106,-0.0947024281948196,-0.288363172138886
"88","ANT062","Zahamena",1,NA,3,3,1923,NA,"Established",NA,"High","Non-migrant",0.473372583709453,0.00300974030540557,3120,10887,0,0,0,0.763461862667698,NA,-0.883821274502292,-1.13603924671788,-0.214203364168811,NA,NA,0.509661936682044,-0.158682196871556,-0.371818865345638,2.36806843776332,-0.205374051295106,-0.420929184421018,-0.530047208229021
"89","SAH002","Sahavazina",0,4,18,8,3113,0,"New",4.556,"Low","Migrant",-0.77823693313929,-0.262576168272655,10930,0,0,0,15942.9,-1.29950955347693,0,0.350547880869311,1.0973506036408,0.332049009602892,-0.435870677499847,-0.419567218546668,-0.748350728923449,-0.387608743750306,-0.0316300424668914,-0.301206564441926,-0.205374051295106,-0.420929184421018,-0.0280742510923073
"90","SAH005","Sahavazina",0,3,30,2,2372,0,"New",4.556,"Low","Migrant",-0.437400973909668,-0.693603085666137,1828.2,0,0,0,6648,-1.29950955347693,-1.07238052947636,1.33804320516659,-1.58271721678962,-0.00809637608184093,-0.435870677499847,-0.419567218546668,-0.405771076218172,-0.759140141402301,-0.428087229160589,-0.301206564441926,-0.205374051295106,-0.420929184421018,-0.32073044534116
"91","SAH006","Sahavazina",1,NA,18,2,2811,NA,"New",NA,"Low","Non-migrant",-0.116971345919821,1.56202211789556,7417.25,0,0,0,2824.5,0.763461862667698,NA,0.350547880869311,-1.58271721678962,0.193420255923014,NA,NA,-0.083702152148782,1.18513653979927,-0.184638786073462,-0.301206564441926,-0.205374051295106,-0.420929184421018,-0.441115921108569
"92","SAH008","Sahavazina",1,NA,13,6,3076,NA,"New",NA,"Low","Non-migrant",-1.01499347241303,-0.222910746511382,3567.6,0,0,3816,0,0.763461862667698,NA,-0.0609085042545568,0.203994663497329,0.315064692099066,NA,NA,-0.986318498472843,-0.353418420615641,-0.352322256239297,-0.301206564441926,-0.205374051295106,0.418505273946596,-0.530047208229021
"93","SAH009","Sahavazina",0,4,18,4,2929,29.28,"New",22.676,"Low","Migrant",0.126140522747149,1.17323856141526,0,0,13200,1697,0,-1.29950955347693,0,0.350547880869311,-0.689361276646146,0.247586457691973,-0.257789756622256,-0.307227246050796,0.160653460224712,0.85001756626339,-0.507720162065445,-0.301206564441926,0.70432082750855,-0.0476272253408705,-0.530047208229021
"94","SAH013","Sahavazina",1,NA,2,3,4218,NA,"New",NA,"Low","Non-migrant",-0.108071884337093,-0.725309782662496,4191,0,1364,682,0,0.763461862667698,NA,-0.966112551527065,-1.13603924671788,0.839283356676616,NA,NA,-0.0747571615287608,-0.786470298695544,-0.325168131760089,-0.301206564441926,-0.111372247152062,-0.270904472521984,-0.530047208229021
"95","SAH021","Sahavazina",1,NA,12,6,6616,NA,"New",NA,"Low","Non-migrant",-0.706937533426884,0.228105716000886,37032.3,0,8922,0,0,0.763461862667698,NA,-0.14319978127933,0.203994663497329,1.94005074516783,NA,NA,-0.676686566354514,0.0353433246938079,1.10533675797202,-0.301206564441926,0.409496987241729,-0.420929184421018,-0.530047208229021
"96","SAH023","Sahavazina",1,NA,4,4,6665,NA,"New",NA,"Low","Non-migrant",-0.15686885092333,0.149158210594659,58184,0,0,0,0,0.763461862667698,NA,-0.801529997477518,-0.689361276646146,1.96254348997019,NA,NA,-0.123803770061407,-0.0327068963969956,2.02666478932726,-0.301206564441926,-0.205374051295106,-0.420929184421018,-0.530047208229021
"97","SAH024","Sahavazina",0,3,4,4,6599,20.41,"New",13.226,"High","Migrant",0.686984032072593,0.79430392586564,7052,0,44072,0,1218,-1.29950955347693,-1.07238052947636,-0.801529997477518,-0.689361276646146,1.93224713982823,-0.311737084770624,-0.36581514561404,0.724366206617409,0.52338804712369,-0.200548384992344,-0.301206564441926,2.83190418344995,-0.420929184421018,-0.491697656905704
"98","SAH027","Sahavazina",1,NA,6,2,6620,NA,"New",NA,"Low","Non-migrant",-0.0204008539080244,-1.25607635891826,1185,0,0,6364,0,0.763461862667698,NA,-0.636947443427971,-1.58271721678962,1.94188688760068,NA,NA,0.0133623879007932,-1.24397408777619,-0.456103804176672,-0.301206564441926,-0.205374051295106,0.979008156525391,-0.530047208229021
"99","SAH029","Sahavazina",1,NA,11,2,6608,NA,"New",NA,"Low","Non-migrant",2.23793520184139,-0.959922476676124,8440,0,9528,159,20027,0.763461862667698,NA,-0.225491058304104,-1.58271721678962,1.93637846030214,NA,NA,2.28325193658313,-0.988698926645037,-0.140089731195199,-0.301206564441926,0.45126025213226,-0.3859527486557,0.100516391403227
"100","SAH033","Sahavazina",0,6,8,2,6652,0,"New",4.556,"Low","Migrant",-0.779531097861261,-0.266218009968246,12643,0,0,0,0,-1.29950955347693,2.14476105895272,-0.472364889378424,-1.58271721678962,1.95657602706344,-0.435870677499847,-0.419567218546668,-0.749651514503698,-0.390747894649216,0.0429849964052333,-0.301206564441926,-0.205374051295106,-0.420929184421018,-0.530047208229021
"101","SAH035","Sahavazina",1,NA,2,4,6633,NA,"New",NA,"Low","Non-migrant",1.10634253029634,0.91455121561128,9564.82,0,0,0,0,0.763461862667698,NA,-0.966112551527065,-0.689361276646146,1.94785435050743,NA,NA,1.1458701142603,0.627037359545351,-0.091094700241233,-0.301206564441926,-0.205374051295106,-0.420929184421018,-0.530047208229021
"102","SAH039","Sahavazina",1,NA,9,6,6654,NA,"New",NA,"Low","Non-migrant",2.19812223610125,-0.199063237197648,60578,0,0,0,3432,0.763461862667698,NA,-0.390073612353651,0.203994663497329,1.95749409827987,NA,NA,2.24323529043097,-0.332862631386909,2.13094289969496,-0.301206564441926,-0.205374051295106,-0.420929184421018,-0.421988373958393
"103","SAH040","Sahavazina",1,NA,30,5,6622,NA,"New",NA,"Low","Non-migrant",1.0308957207558,-0.283875488381662,1203.36,0,0,0,35545.25,0.763461862667698,NA,1.33804320516659,-0.242683306574408,1.9428049588171,NA,NA,1.07003732399797,-0.405968075499215,-0.455304077315206,-0.301206564441926,-0.205374051295106,-0.420929184421018,0.58911895693941
"104","SAH041","Sahavazina",1,NA,7,3,6649,NA,"New",NA,"Low","Non-migrant",0.447754657571537,1.19401300743272,8648.86,0,2204.125,0,79348.5,0.763461862667698,NA,-0.554656166403198,-1.13603924671788,1.95519892023881,NA,NA,0.483912950984663,0.86792447335631,-0.130992184774398,-0.301206564441926,-0.0534739585115373,-0.420929184421018,1.96829382065296
"105","SAH044","Sahavazina",1,NA,15,10,4262,NA,"New",NA,"Low","Non-migrant",-0.885040449592447,-0.38754190386997,1195,0,0,5182,0,0.763461862667698,NA,0.10367404979499,1.99070654378428,0.859480923437923,NA,NA,-0.855700644868131,-0.495325205371415,-0.455668223097442,-0.301206564441926,-0.205374051295106,0.718994652911523,-0.530047208229021
"106","SAH045","Sahavazina",0,4,18,8,4264,29.28,"New",22.676,"Low","Migrant",-1.19507740833944,-0.591588172455832,4538.25,0,0,361,0,-1.29950955347693,0,0.350547880869311,1.0973506036408,0.860398994654346,-0.257789756622256,-0.307227246050796,-1.16732373150903,-0.671206553598615,-0.310042578783822,-0.301206564441926,-0.205374051295106,-0.341517276802907,-0.530047208229021
"107","SAH048","Sahavazina",0,4,15,7,4261,0,"New",4.556,"Low","Migrant",-1.12949167077767,-0.15367913445352,2897,0,0,267,0,-1.29950955347693,0,0.10367404979499,0.650672633569066,0.859021887829711,-0.435870677499847,-0.419567218546668,-1.10140246179583,-0.293742988405738,-0.381532323412471,-0.301206564441926,-0.205374051295106,-0.362195169645296,-0.530047208229021
"108","SAH049","Sahavazina",1,NA,28,5,4242,NA,"New",NA,"Low","Non-migrant",-0.365960961356568,0.229175594264839,320,0,0,0,3294,0.763461862667698,NA,1.17346065111705,-0.242683306574408,0.850300211273692,NA,NA,-0.333965581442859,0.0362655254907505,-0.49378156753008,-0.301206564441926,-0.205374051295106,-0.420929184421018,-0.426333397014729
"109","SAH050","Sahavazina",1,NA,20,12,4204,NA,"New",NA,"Low","Non-migrant",0.803995838004,-0.025055114995363,864,0,0,0,32998,0.763461862667698,NA,0.515130434918858,2.88406248392775,0.832856858161655,NA,NA,0.841976636951706,-0.182873203265889,-0.47008595681996,-0.301206564441926,-0.205374051295106,-0.420929184421018,0.508917073024533
"110","SAH051","Sahavazina",1,NA,1,6,2814,NA,"New",NA,"Low","Non-migrant",-0.559593854185785,-0.4301741259531,3340,5914,0,0,0,0.763461862667698,NA,-1.04840382855184,0.203994663497329,0.194797362747649,NA,NA,-0.528589086919467,-0.532072815361387,-0.362236081602575,1.14878814144967,-0.205374051295106,-0.420929184421018,-0.530047208229021
"111","SAH053","Sahavazina",1,NA,29,8,4574,NA,"New",NA,"Low","Non-migrant",0.582334008452818,0.182110601229928,106656.09,0,684,0,0,0.763461862667698,NA,1.25575192814182,1.0973506036408,1.00270003319992,NA,NA,0.619180800628281,-0.00430299108469795,4.13801731680135,-0.301206564441926,-0.158235316666189,-0.420929184421018,-0.530047208229021
"112","SAH054","Sahavazina",1,NA,3,4,4958,NA,"New",NA,"Low","Non-migrant",0.0682450516400307,-0.000230538607834063,1554,7896,0,0,0,0.763461862667698,NA,-0.883821274502292,-0.689361276646146,1.17896970675314,NA,NA,0.102461799843822,-0.161475213513529,-0.44003086235308,1.63473496374882,-0.205374051295106,-0.420929184421018,-0.530047208229021
"113","SAH055","Sahavazina",1,NA,50,1,4164,NA,"New",NA,"Low","Non-migrant",-1.23999188075976,0.293805345888094,17903.4,0,0,0,6756,0.763461862667698,NA,2.98386874566206,-2.02939518686136,0.814495433833194,NA,NA,-1.21246798330092,0.0919743013966618,0.272118067323461,-0.301206564441926,-0.205374051295106,-0.420929184421018,-0.317329992514462
"114","SAH056","Sahavazina",0,3,10,3,4252,24.11,"New",16.881,"Low","Migrant",-0.559593854185785,-0.4301741259531,27954,0,0,0,0,-1.29950955347693,-1.07238052947636,-0.307782335328877,-1.13603924671788,0.854890567355807,-0.289233689714371,-0.343154958005188,-0.528589086919467,-0.532072815361387,0.709903186814516,-0.301206564441926,-0.205374051295106,-0.420929184421018,-0.530047208229021
"115","SAH057","Sahavazina",0,5,20,7,4259,20.41,"New",13.226,"Low","Migrant",-0.92508879691392,0.282630207801934,7077,0,0,0,0,-1.29950955347693,1.07238052947636,0.515130434918858,0.650672633569066,0.858103816613288,-0.311737084770624,-0.36581514561404,-0.89595387679771,0.082341690289187,-0.199459432294268,-0.301206564441926,-0.205374051295106,-0.420929184421018,-0.530047208229021
"116","SAH059","Sahavazina",0,3,9,8,4159,NA,"New",NA,"Low","Migrant",-0.13117620290824,-0.284433944338328,10111.9,0,0,0,0,-1.29950955347693,-1.07238052947636,-0.390073612353651,1.0973506036408,0.812200255792137,NA,NA,-0.0979796802148341,-0.40644944664736,-0.06726493055871,-0.301206564441926,-0.205374051295106,-0.420929184421018,-0.530047208229021
"117","SAH062","Sahavazina",1,NA,7,5,4257,NA,"New",NA,"Low","Non-migrant",-1.44458979419592,-0.00496542662476152,0,8321,0,508,0,0.763461862667698,NA,-0.554656166403198,-0.242683306574408,0.857185745396865,NA,NA,-1.41811260568058,-0.165556535332808,-0.507720162065445,1.73893647710762,-0.205374051295106,-0.309180572038746,-0.530047208229021
"118","SAH067","Sahavazina",0,6,8,7,4201,0,"New",4.556,"High","Migrant",2.72915522166436,-0.246018370707622,27518,0,0,0,1481,-1.29950955347693,2.14476105895272,-0.472364889378424,0.650672633569066,0.83147975133702,-0.435870677499847,-0.419567218546668,2.77698500445893,-0.373336452570496,0.690911851760081,-0.301206564441926,-0.205374051295106,-0.420929184421018,-0.483416924559207
"119","SAH068","Sahavazina",0,4,28,5,4201,20.54,"New",19.594,"Low","Migrant",-0.667736723157195,-0.710060648614269,10081.46,0,0,0,11145,-1.29950955347693,0,1.17346065111705,-0.242683306574408,0.83147975133702,-0.310946424944323,-0.326334961019465,-0.637285207418357,-0.773326033552705,-0.0685908393638866,-0.301206564441926,-0.205374051295106,-0.420929184421018,-0.17913936791837
"120","SAH072","Sahavazina",1,NA,4,3,4490,NA,"New",NA,"Low","Non-migrant",0.0463194035742266,0.0769597982149419,23719.5,0,0,9940,0,0.763461862667698,NA,-0.801529997477518,-1.13603924671788,0.964141042110148,NA,NA,0.08042398166085,-0.0949396154622042,0.525456378814509,-0.301206564441926,-0.205374051295106,1.76564799486988,-0.530047208229021
"121","SAH073","Sahavazina",0,3,3,2,4460,0,"New",4.556,"Low","Migrant",-0.988502868290511,0.10417996471801,5847.5,6336,0,0,0,-1.29950955347693,-1.07238052947636,-0.883821274502292,-1.58271721678962,0.950369973863803,-0.435870677499847,-0.419567218546668,-0.959692370229926,-0.0714767037573821,-0.253014125985615,1.25225411471417,-0.205374051295106,-0.420929184421018,-0.530047208229021
"122","SAH074","Sahavazina",1,NA,24,4,4482,NA,"New",NA,"Low","Non-migrant",-0.775648603695347,-0.255292484881475,6085,0,0,0,2883,0.763461862667698,NA,0.844295543017952,-0.689361276646146,0.960468757244456,NA,NA,-0.74574915776295,-0.381330441952487,-0.242669075353899,-0.301206564441926,-0.205374051295106,-0.420929184421018,-0.439274009160775
"123","SAH075","Sahavazina",0,3,6,5,4500,NA,"New",NA,"Low","Migrant",-1.10886018743384,-0.234511312971887,5693.5,0,0,0,0,-1.29950955347693,-1.07238052947636,-0.636947443427971,-0.242683306574408,0.968731398192263,NA,NA,-1.08066542919311,-0.363417737355973,-0.259722074605759,-0.301206564441926,-0.205374051295106,-0.420929184421018,-0.530047208229021
"124","SAH089","Sahavazina",1,NA,10,6,6327,NA,"New",NA,"Low","Non-migrant",-0.851543461778447,1.2231611927817,1290.6,3648,0,0,0,0.763461862667698,NA,-0.307782335328877,0.203994663497329,1.8073894543947,NA,NA,-0.822032288753564,0.893049275554776,-0.451504067980002,0.593210190223706,-0.205374051295106,-0.420929184421018,-0.530047208229021
"125","SAH090","Sahavazina",1,NA,20,4,6340,NA,"New",NA,"Low","Non-migrant",-0.526096866371785,1.18052897069857,1153,0,0,1153,1153,0.763461862667698,NA,0.515130434918858,-0.689361276646146,1.81335691730145,NA,NA,-0.494920730804899,0.856301665564804,-0.457497663630209,-0.301206564441926,-0.205374051295106,-0.16729503072661,-0.493744225736587
"126","SAH092","Sahavazina",1,NA,15,7,6351,NA,"New",NA,"Low","Non-migrant",0.753940077105882,-0.419262052650591,13444.65,0,0,0,0,0.763461862667698,NA,0.10367404979499,0.650672633569066,1.81840630899178,NA,NA,0.791664794201502,-0.522666957671852,0.0779033536217182,-0.301206564441926,-0.205374051295106,-0.420929184421018,-0.530047208229021
"127","SAH094","Sahavazina",1,NA,16,10,6367,NA,"New",NA,"Low","Non-migrant",0.282885749062921,0.0978861940153605,719,16478,1438,0,11534.6,0.763461862667698,NA,0.185965326819764,1.99070654378428,1.82575087872316,NA,NA,0.318200584406791,-0.0769017325230958,-0.476401882468797,3.73886999350223,-0.106272442528465,-0.420929184421018,-0.1668725492028
