"","resp_id","sn","site","fokontany","main_house_rm","house_qlty","tlu","food_sec","mplayer_num","irrigated_rice","lightAvail","Migrant","hh_age","M_reason","hh_size","dist2park","dist_migrated","PC1","PC2","MigrantF"
"1","AMB001",204,"Zahamena","Ambodivoangy",1,1,0.02,6,0,1,1,1,5,NA,2,2456,NA,-0.557005524741843,-0.422890442561919,"Non-migrant"
"2","AMB002",205,"Zahamena","Ambodivoangy",1,2,1.62,9,0,1,1,0,38,3,7,2330,0,0.758474031539756,-1.41289527087852,"Migrant"
"3","AMB003",206,"Zahamena","Ambodivoangy",1,2,0.24,9,0,1,1,1,13,NA,7,2418,NA,0.579879299907725,-1.91546942486998,"Non-migrant"
"4","AMB004",207,"Zahamena","Ambodivoangy",1,1,0.03,8,0,0,1,0,38,2,9,2382,0,-0.881157955426533,-0.376616378783199,"Migrant"
"5","AMB005",208,"Zahamena","Ambodivoangy",1,1,0.04,9,0,1,1,0,38,2,8,2485,0,-0.218687588535817,-0.645152645517864,"Migrant"
"6","AMB006",209,"Zahamena","Ambodivoangy",1,1,0.01,9,0,1,1,1,14,NA,7,2401,NA,-0.22257008270173,-0.656078170604635,"Non-migrant"
"7","AMB007",210,"Zahamena","Ambodivoangy",1,1,0.22,8,0,0,1,1,8,NA,4,2429,NA,-0.85656882570908,-0.307421386566984,"Non-migrant"
"8","AMB008",211,"Zahamena","Ambodivoangy",1,1,0,6,0,1,0,1,8,NA,6,2498,NA,-0.870924977654751,-0.637862236234552,"Non-migrant"
"9","AMB009",212,"Zahamena","Ambodivoangy",2,2,0.01,8,0,1,1,1,49,NA,5,2315,NA,0.862623305276695,-2.1552291750885,"Non-migrant"
"10","AMB010",213,"Zahamena","Ambodivoangy",2,2,0.02,10,0,1,1,1,13,NA,6,2262,NA,1.08773720784006,-2.30461792429099,"Non-migrant"
"11","AMB011",214,"Zahamena","Ambodivoangy",4,2,0.04,8,0,1,3,1,13,NA,9,2324,NA,2.33800737217055,-2.19395280277678,"Non-migrant"
"12","AMB012",215,"Zahamena","Ambodivoangy",1,1,0.05,9,0,0,1,1,3,NA,4,2048,NA,-0.766659757061896,-0.44584799084106,"Non-migrant"
"13","AMB013",216,"Zahamena","Ambodivoangy",1,1,0.02,8,0,1,0,1,2,NA,6,1998,NA,-0.644516910369419,-0.783609143741455,"Non-migrant"
"14","AMB014",217,"Zahamena","Ambodivoangy",1,1,0.01,8,0,0,3,1,4,NA,5,2088,NA,-0.261084037932545,0.0314761583885248,"Non-migrant"
"15","AMB015",218,"Zahamena","Ambodivoangy",1,1,0.2,7,0,0,1,0,26,3,4,2323,35.197,-0.971067024073717,-0.238189774509123,"Migrant"
"16","AMB016",219,"Zahamena","Ambodivoangy",1,2,0.06,9,0,1,1,1,31,NA,8,2315,NA,0.556584334912243,-1.98102257539061,"Non-migrant"
"17","AMB017",220,"Zahamena","Ambodivoangy",6,2,1.48,9,0,1,1,1,52,NA,4,2313,NA,2.86245403990718,-2.62644448796169,"Non-migrant"
"18","AMB018",221,"Zahamena","Ambodivoangy",1,1,0.03,8,0,1,3,1,16,NA,7,2328,NA,0.290770624759449,-0.156902971201508,"Non-migrant"
"19","AMB019",222,"Zahamena","Ambodivoangy",1,1,0.02,8,0,0,1,1,6,NA,8,2252,NA,-0.882452120148504,-0.38025822047879,"Non-migrant"
"20","AMB020",223,"Zahamena","Ambodivoangy",1,1,0.04,9,0,0,1,1,10,NA,3,2294,NA,-0.767953921783867,-0.449489832536651,"Non-migrant"
"21","AMB021",224,"Zahamena","Ambodivoangy",1,1,0.27,5,0,0,1,1,10,NA,8,2358,NA,-1.18582760886131,-0.0596662917419072,"Non-migrant"
"22","AMB022",225,"Zahamena","Ambodivoangy",2,2,0.21,6,0,0,1,1,2,NA,7,2717,NA,0.11542052862668,-1.73369893729739,"Non-migrant"
"23","AMB023",226,"Zahamena","Ambodivoangy",1,1,0.01,9,0,0,1,1,25,NA,7,2351,NA,-0.771836415949781,-0.460415357623422,"Non-migrant"
"24","AMB024",227,"Zahamena","Ambodivoangy",1,2,0.1,4,0,0,1,1,39,NA,3,2250,NA,-0.547054684051396,-1.38821591838182,"Non-migrant"
"25","AMB025",228,"Zahamena","Ambodivoangy",2,1,0.06,10,1,0,3,1,3,NA,3,2494,NA,0.985378354109206,0.888626867010283,"Non-migrant"
"26","AMB026",229,"Zahamena","Ambodivoangy",2,2,0.7,7,1,1,1,1,28,NA,9,2006,NA,1.43176296986752,-0.602942024932853,"Non-migrant"
"27","AMB027",230,"Zahamena","Ambodivoangy",1,1,0.02,3,0,0,1,1,6,NA,4,2098,NA,-1.44200146475198,0.00231825676641906,"Non-migrant"
"28","AMB028",231,"Zahamena","Ambodivoangy",1,1,0.03,2,0,1,3,0,43,4,7,2071,0,-0.380688588764719,0.302188801492743,"Migrant"
"29","AMB029",232,"Zahamena","Ambodivoangy",2,1,0.04,2,1,1,1,0,20,3,7,2089,0,0.0141151596098261,0.882426513667318,"Migrant"
"30","AMB030",233,"Zahamena","Ambodivoangy",4,2,0.02,4,0,0,1,0,20,3,9,2083,0,0.715850986857844,-2.11488871195349,"Migrant"
"31","AMB031",234,"Zahamena","Ambodivoangy",3,2,0.04,9,1,0,1,1,44,NA,8,2269,NA,1.44532116570576,-1.03318404142766,"Non-migrant"
"32","AMB032",235,"Zahamena","Ambodivoangy",4,2,0,12,1,0,3,0,1,2,3,2207,0,2.82295602341289,-1.09443376066323,"Migrant"
"33","AMB033",236,"Zahamena","Ambodivoangy",1,1,0,4,0,0,2,1,60,NA,1,2458,NA,-1.02134880180626,0.126207388207649,"Non-migrant"
"34","AMB034",237,"Zahamena","Ambodivoangy",2,1,0.07,4,0,0,1,1,1,NA,3,2403,NA,-0.899201109326424,-0.288500516873653,"Non-migrant"
"35","AMB035",238,"Zahamena","Ambodivoangy",2,1,0.07,4,0,1,3,0,3,6,4,2506,28.535,0.272727470859558,-0.0687871092919611,"Migrant"
"36","AMB036",239,"Zahamena","Ambodivoangy",1,1,0.3,2,0,1,1,1,3,NA,7,2475,NA,-0.968408388209427,-0.0148576932892244,"Non-migrant"
"37","AMB037",240,"Zahamena","Ambodivoangy",1,1,1.36,5,1,0,1,1,35,NA,7,2433,NA,-0.45301148647094,1.56177923078831,"Non-migrant"
"38","AMB038",241,"Zahamena","Ambodivoangy",1,1,0.02,4,0,0,1,1,6,NA,4,2493,NA,-1.33009159583128,-0.0741970386826226,"Non-migrant"
"39","AMB039",242,"Zahamena","Ambodivoangy",2,2,0.07,3,0,0,3,1,60,NA,7,910,NA,0.38423486269493,-1.13976261412563,"Non-migrant"
"40","AMB040",243,"Zahamena","Ambodivoangy",4,2,1.68,9,1,1,2,1,3,NA,8,763,NA,2.94258129972106,-0.656409392719599,"Non-migrant"
"41","AMB041",244,"Zahamena","Ambodivoangy",2,1,0.03,7,0,0,1,1,7,NA,2,2256,NA,-0.568648161452225,-0.532613770003139,"Non-migrant"
"42","AMB042",245,"Zahamena","Ambodivoangy",2,1,0.48,6,0,0,1,1,20,NA,7,2203,NA,-0.622320617884213,-0.292215598252534,"Non-migrant"
"43","AMB043",246,"Zahamena","Ambodivoangy",2,1,0.24,6,0,0,3,1,12,NA,6,2260,NA,-0.0307183242735921,0.0357564216162035,"Non-migrant"
"44","AMB044",247,"Zahamena","Ambodivoangy",1,1,0.02,12,0,1,1,1,16,NA,10,2276,NA,0.114453688782325,-0.88198221525617,"Non-migrant"
"45","AMB045",248,"Zahamena","Ambodivoangy",1,1,0.01,6,0,0,3,0,2,4,2,2309,0,-0.484903775773934,0.184506749286608,"Migrant"
"46","AMB046",249,"Zahamena","Ambodivoangy",2,2,2.51,11,0,0,1,1,10,NA,7,2293,NA,0.972627759283538,-1.27865182455684,"Non-migrant"
"47","AMB047",250,"Zahamena","Ambodivoangy",2,1,0.2,8,0,1,1,1,5,NA,3,2318,NA,0.114528840990032,-0.742880569608359,"Non-migrant"
"48","AMB048",251,"Zahamena","Ambodivoangy",1,2,0.23,5,1,1,3,1,35,NA,6,2408,NA,1.34536007413641,0.0268109135043726,"Non-migrant"
"49","AMB049",252,"Zahamena","Ambodivoangy",3,2,0.03,7,0,1,3,1,40,NA,3,2051,NA,1.80038367563288,-1.88856666235435,"Non-migrant"
"50","AMB050",253,"Zahamena","Ambodivoangy",1,1,0.02,5,0,0,3,1,12,NA,5,2025,NA,-0.595519479972657,0.26466388643124,"Non-migrant"
"51","AMB051",254,"Zahamena","Ambodivoangy",1,1,0.21,6,0,0,3,1,9,NA,8,2019,NA,-0.459020481334509,0.257343583198414,"Non-migrant"
"52","AMB052",255,"Zahamena","Ambodivoangy",1,1,0.02,5,0,0,2,1,4,NA,4,2384,NA,-0.906850603441623,0.056975776149788,"Non-migrant"
"53","AMB053",256,"Zahamena","Ambodivoangy",1,2,0.02,3,1,1,3,1,14,NA,9,2503,NA,1.09436287713362,0.10336282879506,"Non-migrant"
"54","AMB054",257,"Zahamena","Ambodivoangy",1,2,0.03,6,0,0,3,1,42,NA,7,2494,NA,0.290368147674125,-1.15136318058613,"Non-migrant"
"55","AMB055",258,"Zahamena","Ambodivoangy",1,2,0.02,5,0,0,3,1,17,NA,5,2499,NA,0.17716411403146,-1.07848972683268,"Non-migrant"
"56","AMB056",259,"Zahamena","Ambodivoangy",1,1,0.06,9,1,0,3,1,14,NA,8,2481,NA,0.449048822293508,1.19765484912831,"Non-migrant"
"57","AMB057",260,"Zahamena","Ambodivoangy",2,1,0.02,9,0,0,3,1,8,NA,6,2255,NA,0.276539658605124,-0.273909982033908,"Non-migrant"
"58","AMB058",261,"Zahamena","Ambodivoangy",1,1,0.05,3,0,0,3,1,40,NA,4,2297,NA,-0.815456723648133,0.428620002416095,"Non-migrant"
"59","AMB059",262,"Zahamena","Ambodivoangy",1,1,3.25,8,1,1,3,1,7,NA,4,2270,NA,1.29924383292969,2.24025483248944,"Non-migrant"
"60","AMB060",263,"Zahamena","Ambodivoangy",1,1,1.04,7,1,0,3,1,14,NA,8,2294,NA,0.3520572272053,1.70758592619424,"Non-migrant"
"61","AMB061",264,"Zahamena","Ambodivoangy",2,1,0.04,9,0,1,2,1,25,NA,4,2477,NA,0.517063197828152,-0.669977221905393,"Non-migrant"
"62","AMB062",265,"Zahamena","Ambodivoangy",1,1,0.04,8,1,0,3,1,2,NA,4,1534,NA,0.334550623928871,1.26688646118617,"Non-migrant"
"63","AMB063",266,"Zahamena","Ambodivoangy",2,1,0.92,8,0,1,3,1,43,NA,6,2353,NA,0.830370947909892,-0.0652917469629536,"Non-migrant"
"64","AMB064",267,"Zahamena","Ambodivoangy",1,1,0.27,10,1,1,3,1,3,NA,3,2277,NA,1.13740248362365,1.00195541630545,"Non-migrant"
"65","AMB065",268,"Zahamena","Ambodivoangy",1,1,0.21,7,0,0,2,1,5,NA,3,2294,NA,-0.65844173588278,-0.0268598225320801,"Non-migrant"
"66","AMB066",269,"Zahamena","Ambodivoangy",1,2,0.01,9,0,1,3,1,22,NA,8,2324,NA,1.17277575824032,-1.58385556330565,"Non-migrant"
"67","AMB067",270,"Zahamena","Ambodivoangy",2,1,0.05,6,0,0,4,1,9,NA,6,2500,NA,0.25602366947792,0.17424953968144,"Non-migrant"
"68","AMB068",271,"Zahamena","Ambodivoangy",1,1,0,2,0,0,0,1,5,NA,5,1975,NA,-1.86783078658558,-0.136138241457172,"Non-migrant"
"69","AMB069",272,"Zahamena","Ambodivoangy",1,1,0.02,7,0,0,2,1,27,NA,8,2488,NA,-0.683030865600234,-0.0960548147482955,"Non-migrant"
"70","AMB070",273,"Zahamena","Ambodivoangy",1,1,0.02,5,0,1,2,1,10,NA,5,2451,NA,-0.357584270193572,-0.138687036831425,"Non-migrant"
"71","AMB071",274,"Zahamena","Ambodivoangy",1,1,0.04,6,1,1,4,1,40,NA,8,2504,NA,0.971328342804498,1.43194234938449,"Non-migrant"
"72","AMB072",275,"Zahamena","Ambodivoangy",1,1,0.02,5,0,1,2,1,7,NA,5,1977,NA,-0.357584270193572,-0.138687036831425,"Non-migrant"
"73","AMB073",276,"Zahamena","Ambodivoangy",2,1,0.08,10,0,1,4,1,11,NA,8,2048,NA,1.25681197257466,-0.316548930009169,"Non-migrant"
"74","AMB074",277,"Zahamena","Ambodivoangy",2,1,0,4,0,0,2,1,-100,NA,8,2037,NA,-0.596929138911257,-0.106305298461332,"Non-migrant"
"75","AMB075",278,"Zahamena","Ambodivoangy",1,1,0.02,3,0,0,2,1,40,NA,3,2126,NA,-1.13067034128301,0.210006367047871,"Non-migrant"
"76","AMB076",279,"Zahamena","Ambodivoangy",2,2,0.03,12,1,0,4,1,21,NA,8,2332,NA,2.28933031525776,-0.410794751957041,"Non-migrant"
"77","AMB077",280,"Zahamena","Ambodivoangy",1,1,0.02,5,1,0,1,1,-100,NA,6,2467,NA,-0.626429559215087,1.07377244357921,"Non-migrant"
"78","AMB078",281,"Zahamena","Ambodivoangy",1,1,0.06,7,0,1,4,1,10,NA,5,2486,NA,0.494074373473633,0.138225959615757,"Non-migrant"
"79","AMB079",282,"Zahamena","Ambodivoangy",1,1,0.09,6,0,1,2,1,8,NA,5,2429,NA,-0.236615248219079,-0.189709440411335,"Non-migrant"
"80","AMB080",283,"Zahamena","Ambodivoangy",2,1,0.09,7,0,0,3,1,16,NA,6,2328,NA,0.0617790738175339,-0.0953864992666925,"Non-migrant"
"81","AMB081",284,"Zahamena","Ambodivoangy",1,1,0.09,10,0,1,3,1,25,NA,10,2269,NA,0.522355350932665,-0.28808251192605,"Non-migrant"
"82","AMB082",285,"Zahamena","Ambodivoangy",2,2,0.05,12,1,1,2,1,3,NA,2,2276,NA,2.21852273101183,-1.01455010210998,"Non-migrant"
"83","AMB083",286,"Zahamena","Ambodivoangy",2,1,0.07,9,0,1,2,1,7,NA,6,2347,NA,0.520945691994066,-0.659051696818622,"Non-migrant"
"84","AMB084",287,"Zahamena","Ambodivoangy",1,2,0.09,8,0,0,4,1,32,NA,10,2298,NA,0.833283997316308,-1.07485461102922,"Non-migrant"
"85","AMB085",288,"Zahamena","Ambodivoangy",2,1,0.25,9,0,0,4,1,6,NA,5,2287,NA,0.617636570679429,0.0175404872461211,"Non-migrant"
"86","AMB086",289,"Zahamena","Ambodivoangy",2,1,3.08,10,0,0,2,1,14,NA,8,2228,NA,0.473132808980053,0.556290171086226,"Non-migrant"
"87","AMB087",290,"Zahamena","Ambodivoangy",2,1,0.02,5,0,0,3,1,-100,NA,4,2212,NA,-0.171099817077654,0.032151199762259,"Non-migrant"
"88","AMB088",291,"Zahamena","Ambodivoangy",2,1,0.2,10,1,0,4,1,7,NA,6,2295,NA,1.31482778368577,1.14730076103,"Non-migrant"
"89","AMF001",555,"Amporoforo","Amporoforo",2,1,0.17,6,1,1,2,1,17,NA,8,16819,NA,0.789909900147196,0.831397384195277,"Non-migrant"
"90","AMF002",556,"Amporoforo","Amporoforo",2,1,0.02,7,0,1,1,1,30,NA,6,16821,NA,-0.0206759929261451,-0.731918424679942,"Non-migrant"
"91","AMF003",557,"Amporoforo","Amporoforo",1,1,0.02,8,0,1,1,1,40,NA,1,16815,NA,-0.333185786900454,-0.575921033460003,"Non-migrant"
"92","AMF004",558,"Amporoforo","Amporoforo",1,1,0.02,6,0,1,1,1,44,NA,6,16768,NA,-0.557005524741843,-0.422890442561919,"Non-migrant"
"93","AMF005",559,"Amporoforo","Amporoforo",3,1,0.05,8,0,1,1,1,25,NA,4,16742,NA,0.519536033055467,-1.03002088171119,"Non-migrant"
"94","AMF006",560,"Amporoforo","Amporoforo",2,1,0.05,9,0,1,1,0,15,4,4,16868,0,0.207026239081158,-0.874023490491255,"Migrant"
"95","AMF007",561,"Amporoforo","Amporoforo",2,1,0.02,5,0,1,1,1,2,NA,3,16693,NA,-0.244495730767534,-0.578887833781859,"Non-migrant"
"96","AMF008",562,"Amporoforo","Amporoforo",2,1,0.04,4,0,1,1,1,40,NA,3,16756,NA,-0.353817270244287,-0.495088854941637,"Non-migrant"
"97","AMF009",563,"Amporoforo","Amporoforo",3,1,1.45,12,0,1,3,1,4,NA,3,16750,NA,1.77102081675215,-0.410848005561817,"Non-migrant"
"98","AMF010",564,"Amporoforo","Amporoforo",1,1,0.04,9,1,1,1,0,7,4,3,16779,0,0.373064579159685,0.579332132193008,"Migrant"
"99","AMF011",565,"Amporoforo","Amporoforo",2,1,0.06,3,1,1,3,1,16,NA,7,16821,NA,0.751275604912394,1.22857112217236,"Non-migrant"
"100","AMF012",566,"Amporoforo","Amporoforo",3,1,0.2,8,1,1,2,1,24,NA,9,16843,NA,1.4420317950495,0.456779631714984,"Non-migrant"
"101","AMF013",567,"Amporoforo","Amporoforo",1,1,0.08,12,0,1,3,1,11,NA,3,16752,NA,0.744880924052084,-0.444754944519723,"Non-migrant"
"102","AMF014",568,"Amporoforo","Amporoforo",2,1,0.02,10,0,1,3,0,10,3,6,16877,10.38,0.93771586077387,-0.546088090464163,"Migrant"
"103","AMF015",569,"Amporoforo","Amporoforo",1,1,0.77,10,1,1,3,0,12,3,5,16860,10.38,1.20211071972221,1.18404750108496,"Migrant"
"104","AMF016",570,"Amporoforo","Amporoforo",1,1,5.71,12,1,1,4,1,40,NA,6,16715,NA,2.37657895368636,3.03777481808993,"Non-migrant"
"105","AMF017",571,"Amporoforo","Amporoforo",1,1,0,9,1,1,3,1,14,NA,7,16768,NA,0.990550167209731,0.980140985973551,"Non-migrant"
"106","AMF018",572,"Amporoforo","Amporoforo",1,1,0.02,10,0,1,3,1,4,NA,3,16826,NA,0.513296197878867,-0.313575403795181,"Non-migrant"
"107","AMF019",573,"Amporoforo","Amporoforo",2,1,0.75,12,0,1,3,1,25,NA,2,16858,NA,1.25600962331916,-0.433264237584155,"Non-migrant"
"108","AMF020",574,"Amporoforo","Amporoforo",1,1,1.43,10,0,1,3,1,30,NA,2,16780,NA,0.695773423676812,0.199924275283049,"Non-migrant"
"109","AMF021",575,"Amporoforo","Amporoforo",1,1,1.43,6,0,1,2,0,10,3,2,16805,10.38,-0.0631971754749325,0.298297346797763,"Migrant"
"110","AMF022",576,"Amporoforo","Amporoforo",2,2,0.02,12,1,1,4,0,7,6,7,16800,10.38,2.83730248378384,-0.610099406633844,"Migrant"
"111","AMF023",577,"Amporoforo","Amporoforo",1,1,0.04,6,0,1,3,1,6,NA,6,16788,NA,0.0682450516400307,-0.000230538607834063,"Non-migrant"
"112","AMF024",578,"Amporoforo","Amporoforo",1,1,0.06,10,0,1,3,1,27,NA,4,16808,NA,0.518472856766752,-0.29900803701282,"Non-migrant"
"113","AMF025",579,"Amporoforo","Amporoforo",2,1,0.77,8,0,1,1,1,30,NA,2,18536,NA,0.188296230142393,-0.535295592959713,"Non-migrant"
"114","AMF026",580,"Amporoforo","Amporoforo",1,1,2.84,7,0,1,1,1,36,NA,7,18526,NA,-0.0801412042252585,0.527593620145499,"Non-migrant"
"115","AMF027",581,"Amporoforo","Amporoforo",1,1,0.02,6,0,1,1,0,2,3,4,18531,0,-0.557005524741843,-0.422890442561919,"Migrant"
"116","AMF028",582,"Amporoforo","Amporoforo",2,2,4.96,12,0,1,3,1,37,NA,7,18510,NA,2.57353656527317,-0.243202497004567,"Non-migrant"
"117","AMF029",583,"Amporoforo","Amporoforo",1,1,0.04,5,0,1,1,1,18,NA,8,18523,NA,-0.666327064218595,-0.339091463721697,"Non-migrant"
"118","AMF030",584,"Amporoforo","Amporoforo",2,1,2.95,10,0,1,3,1,12,NA,5,18494,NA,1.31690612431144,0.520971526343791,"Non-migrant"
"119","AMF031",585,"Amporoforo","Amporoforo",1,1,0.05,12,0,1,3,1,2,NA,3,18565,NA,0.74099842988617,-0.455680469606494,"Non-migrant"
"120","AMF032",586,"Amporoforo","Amporoforo",2,2,4.24,11,0,1,3,0,7,3,4,18516,0,2.36844683637054,-0.428899803638025,"Migrant"
"121","AMF033",587,"Amporoforo","Amporoforo",1,1,0,6,0,1,1,1,1,NA,2,18533,NA,-0.559593854185785,-0.4301741259531,"Non-migrant"
"122","AMF034",588,"Amporoforo","Amporoforo",1,1,1.5,8,0,1,2,1,45,NA,4,18506,NA,0.169681715420255,0.170759647768812,"Non-migrant"
"123","AMF035",589,"Amporoforo","Amporoforo",1,1,0.26,12,0,1,3,1,30,NA,6,18532,NA,0.768175889047566,-0.379201793999098,"Non-migrant"
"124","AMF036",590,"Amporoforo","Amporoforo",1,1,4.22,12,0,1,1,1,7,NA,4,18516,NA,0.658002872010246,0.64759129689175,"Non-migrant"
"125","AMF037",591,"Amporoforo","Amporoforo",1,1,0.9,11,0,1,3,1,7,NA,6,18506,NA,0.73909256233303,-0.0696086300322781,"Non-migrant"
"126","AMF038",592,"Amporoforo","Amporoforo",1,1,0.71,11,0,1,3,1,4,NA,3,18639,NA,0.714503432615577,-0.138803622248494,"Non-migrant"
"127","AMF039",593,"Amporoforo","Amporoforo",1,1,0,6,0,1,1,0,1,3,6,18590,0,-0.559593854185785,-0.4301741259531,"Migrant"
"128","AMF040",594,"Amporoforo","Amporoforo",3,1,0,11,0,1,3,1,30,NA,3,18533,NA,1.47145706314563,-0.862399755973366,"Non-migrant"
"129","AMF041",595,"Amporoforo","Amporoforo",2,2,0.01,10,1,1,3,0,10,3,4,18528,61.202,2.30085745775152,-0.668398767712803,"Migrant"
"130","AMF042",596,"Amporoforo","Amporoforo",1,1,0,12,0,1,3,1,20,NA,8,18535,NA,0.734527606276314,-0.473889678084445,"Non-migrant"
"131","AMF043",597,"Amporoforo","Amporoforo",2,2,0.06,12,0,1,4,1,18,NA,11,18512,NA,2.25072697497623,-1.82001681756235,"Non-migrant"
"132","AMF044",598,"Amporoforo","Amporoforo",1,1,0.04,10,0,1,4,1,20,NA,4,18545,NA,0.827215650791775,-0.0986036101225486,"Non-migrant"
"133","AMF045",599,"Amporoforo","Amporoforo",1,1,0.73,10,1,1,3,1,20,NA,8,18528,NA,1.19693406083433,1.1694801343026,"Non-migrant"
"134","AMF046",600,"Amporoforo","Amporoforo",1,1,0.04,5,0,0,2,1,20,NA,8,18510,NA,-0.90426227399768,0.0642594595409686,"Non-migrant"
"135","AMF047",601,"Amporoforo","Amporoforo",1,1,0.02,9,0,1,3,1,30,NA,5,18508,NA,0.401386328958172,-0.23706010834614,"Non-migrant"
"136","AMF048",602,"Amporoforo","Amporoforo",1,1,0,6,0,1,2,0,10,3,5,18504,10.38,-0.24826273071682,-0.222486015671648,"Migrant"
"137","AMF049",603,"Amporoforo","Amporoforo",2,2,0.01,12,0,1,3,1,4,NA,3,18514,NA,1.9329250278974,-2.04591413632176,"Non-migrant"
"138","AMP001",1,"Ampahitra","Ampahitra",1,1,0.01,10,0,0,1,0,8,4,3,-1703,18.4,-0.659926547029086,-0.536930653072463,"Migrant"
"139","AMP002",2,"Ampahitra","Ampahitra",1,1,0,3,1,0,4,0,15,4,7,-2386,0,0.0811557439064786,1.84258368193047,"Migrant"
"140","AMP003",3,"Ampahitra","Ampahitra",1,1,0.1,9,1,0,2,0,2,4,8,-2713,29.4,0.142894357712427,1.00453410562921,"Migrant"
"141","AMP004",4,"Ampahitra","Ampahitra",1,1,2.32,10,0,1,4,0,5,4,6,-1279,29.4,1.12228520740122,0.731736296472036,"Migrant"
"142","AMP005",5,"Ampahitra","Ampahitra",1,1,0.44,6,0,0,2,0,1,4,6,-1332,0,-0.740585816198136,0.133417831915538,"Migrant"
"143","AMP006",6,"Ampahitra","Ampahitra",4,1,2.54,9,0,0,4,1,13,NA,17,-1603,NA,1.76283961780085,0.386496862198334,"Non-migrant"
"144","AMP007",7,"Ampahitra","Ampahitra",1,1,1.46,3,0,0,2,0,1,4,4,-1651,150.2,-0.944310621319154,0.734431571212873,"Migrant"
"145","AMP008",8,"Ampahitra","Ampahitra",1,1,0,3,1,1,0,1,8,NA,10,-2357,NA,-0.614902416721333,0.816168427823444,"Non-migrant"
"146","AMP009",9,"Ampahitra","Ampahitra",2,1,0,2,1,0,2,1,1,NA,3,-2476,NA,-0.228996709057144,1.27121007014762,"Non-migrant"
"147","AMP010",10,"Ampahitra","Ampahitra",2,1,0,3,1,0,1,0,4,4,8,-705,29.4,-0.428417963605415,0.987006664417129,"Migrant"
"148","AMP011",11,"Ampahitra","Ampahitra",2,1,0.05,4,1,0,2,0,1,4,7,-1596,0,0.0012938523941014,1.13638868772749,"Migrant"
"149","AMP012",12,"Ampahitra","Ampahitra",1,1,0,3,1,0,1,1,4,NA,3,-696,NA,-0.852837626500418,1.21951935108611,"Non-migrant"
"150","AMP013",13,"Ampahitra","Ampahitra",1,1,0.15,6,0,1,2,0,12,4,8,-2134,85.86,-0.228850259887251,-0.167858390237793,"Migrant"
"151","AMP014",14,"Ampahitra","Ampahitra",1,1,0.13,5,1,0,2,0,2,5,7,-2390,37.57,-0.300862623804437,1.32152081251215,"Migrant"
"152","AMP015",15,"Ampahitra","Ampahitra",1,1,0.3,6,1,0,1,0,5,4,12,-644,29.4,-0.478283078079197,1.09922871560669,"Migrant"
"153","AMP016",16,"Ampahitra","Ampahitra",1,1,0.12,12,0,0,3,0,3,4,3,-1112,0,0.200791249691918,-0.234524764756149,"Migrant"
"154","AMP017",17,"Ampahitra","Ampahitra",1,1,4.3,9,0,1,4,0,34,4,5,-1717,18.4,1.26661995343083,1.52933624764795,"Migrant"
"155","AMP018",18,"Ampahitra","Ampahitra",1,1,0.02,7,0,0,1,0,1,4,5,-2949,29.4,-0.994361989069199,-0.303742925029748,"Migrant"
"156","AMP019",19,"Ampahitra","Ampahitra",2,1,2.2,12,0,0,3,0,7,3,6,-1141,18.4,0.894397174756939,0.290465621257649,"Migrant"
"157","AMP020",20,"Ampahitra","Ampahitra",1,1,0.01,4,0,0,1,0,5,2,5,-772,29.4,-1.33138576055325,-0.0778388803782129,"Migrant"
"158","AMP021",21,"Ampahitra","Ampahitra",1,1,0.02,9,1,1,2,0,9,4,10,-2408,29.4,0.681807373184708,0.779736559083279,"Migrant"
"159","AMP022",22,"Ampahitra","Ampahitra",2,1,0.02,3,1,1,2,0,1,4,5,-1336,29.4,0.434767822555544,1.00631564510855,"Migrant"
"160","AMP023",23,"Ampahitra","Ampahitra",2,1,0.43,9,0,1,3,0,45,4,9,-293,29.4,0.878866745453996,-0.320257285495919,"Migrant"
"161","AMP024",24,"Ampahitra","Ampahitra",1,1,0,3,0,0,2,0,5,4,1,-910,77.71,-1.13325867072695,0.202722683656691,"Migrant"
"162","AMP025",25,"Ampahitra","Ampahitra",2,1,4.8,12,0,0,4,0,6,4,8,-1074,29.4,1.54221112593843,1.44503257239258,"Migrant"
"163","AMP026",26,"Ampahitra","Ampahitra",2,1,4.34,12,1,1,2,0,10,4,11,-1410,29.4,2.00103580273337,1.89095359856218,"Migrant"
"164","AMP027",27,"Ampahitra","Ampahitra",1,1,0.4,4,0,1,4,1,3,NA,3,-1014,NA,0.202346367258572,0.491594463612952,"Non-migrant"
"165","AMP028",28,"Ampahitra","Ampahitra",2,1,0.1,2,1,0,4,0,20,4,7,-76,18.4,0.4066071851005,1.72300470766643,"Migrant"
"166","AMP029",29,"Ampahitra","Ampahitra",1,1,0.04,6,0,0,1,0,5,4,10,85,0,-1.10368352854595,-0.219943946189525,"Migrant"
"167","AMP030",30,"Ampahitra","Ampahitra",2,1,0.23,10,1,0,4,0,8,4,11,-52,47.013,1.31871027785168,1.15822628611677,"Migrant"
"168","AMP031",31,"Ampahitra","Ampahitra",1,1,0.02,11,1,0,4,0,2,4,4,-61,33.84,0.979023024715978,1.23774500172931,"Migrant"
"169","AMP032",32,"Ampahitra","Ampahitra",1,1,0.07,6,0,0,3,1,6,NA,4,-79,NA,-0.477138787442106,0.20635779946015,"Non-migrant"
"170","AMP033",33,"Ampahitra","Ampahitra",1,1,7.3,3,0,0,3,0,34,4,6,-186,18.4,0.122812699781017,3.06895523171905,"Migrant"
"171","AMP034",34,"Ampahitra","Ampahitra",1,1,0.56,10,0,0,2,0,10,4,4,-111,139.502,-0.277416363851703,-0.128941249533545,"Migrant"
"172","AMP035",35,"Ampahitra","Ampahitra",1,1,0,4,0,0,1,0,6,4,7,668,37.57,-1.33267992527523,-0.0814807220738032,"Migrant"
"173","AMP036",36,"Ampahitra","Ampahitra",1,1,0.05,5,0,0,3,0,16,5,6,86,83.993,-0.591636985806744,0.275589411518011,"Migrant"
"174","AMP037",37,"Ampahitra","Ampahitra",1,1,0,3,0,0,2,0,10,5,5,81,33.41,-1.13325867072695,0.202722683656691,"Migrant"
"175","AMP038",38,"Ampahitra","Ampahitra",1,1,0,3,0,0,2,0,2,4,6,19,37.57,-1.13325867072695,0.202722683656691,"Migrant"
"176","AMP039",39,"Ampahitra","Ampahitra",1,1,0.63,4,1,0,3,0,7,4,8,-998,29.4,-0.0367331331576043,1.78781630302216,"Migrant"
"177","AMP040",40,"Ampahitra","Ampahitra",1,1,0.01,2,0,0,2,0,6,4,7,787,NA,-1.24387437492568,0.282879820801323,"Migrant"
"178","AMP041",41,"Ampahitra","Ampahitra",1,1,0.43,6,1,1,2,0,39,2,7,-905,23.097,0.399138520023445,1.15859795494961,"Migrant"
"179","AMP042",42,"Ampahitra","Ampahitra",1,1,0.03,3,0,0,1,0,2,3,3,470,481.156,-1.44070730003001,0.00596009846200929,"Migrant"
"180","AMP043",43,"Ampahitra","Ampahitra",1,1,0.01,4,0,0,3,0,11,4,5,146,33.41,-0.708723513615323,0.337537340184692,"Migrant"
"181","AMP044",44,"Ampahitra","Ampahitra",1,1,1.7,7,0,0,3,1,6,NA,4,-181,NA,-0.1542800688401,0.723462700392325,"Non-migrant"
"182","AMP045",45,"Ampahitra","Ampahitra",2,1,0.03,9,0,1,3,0,24,4,3,74,164.68,0.827100156575147,-0.465930953319531,"Migrant"
"183","AMP046",46,"Ampahitra","Ampahitra",2,1,0.18,9,0,0,3,0,11,5,5,-515,18.4,0.297246294156664,-0.215640514904463,"Migrant"
"184","AMP047",47,"Ampahitra","Ampahitra",2,1,0.04,5,0,0,1,1,3,NA,4,515,NA,-0.791173734571643,-0.375941337409465,"Non-migrant"
"185","AMP048",48,"Ampahitra","Ampahitra",1,1,0.28,8,0,0,1,0,33,6,10,-916,33.41,-0.848803837377252,-0.285570336393442,"Migrant"
"186","AMP049",49,"Ampahitra","Ampahitra",2,1,0.05,5,1,0,3,0,8,5,7,94,0,0.424534844783762,1.2675615025599,"Migrant"
"187","AMP050",50,"Ampahitra","Ampahitra",4,1,2.01,12,1,0,3,1,10,NA,6,-46,NA,2.31039953852499,0.980730033414343,"Non-migrant"
"188","AMP052",52,"Ampahitra","Ampahitra",2,1,0.95,5,0,0,1,0,7,6,6,120,425.84,-0.67340474487226,-0.0445337431107491,"Migrant"
"189","AMP053",53,"Ampahitra","Ampahitra",1,1,0.53,8,0,0,3,0,18,6,10,-115,40.67,-0.19378747239004,0.22085192655922,"Migrant"
"190","AMP054",54,"Ampahitra","Ampahitra",1,1,0.1,4,0,0,1,1,4,NA,5,111,NA,-1.31973827805551,-0.0450623051179004,"Non-migrant"
"191","AMP055",55,"Ampahitra","Ampahitra",1,1,0.3,9,0,0,3,0,30,4,4,377,37.57,-0.111643392074684,0.0605742721116014,"Migrant"
"192","AMP056",56,"Ampahitra","Ampahitra",1,1,0.02,2,0,0,1,0,14,4,2,238,18.4,-1.55391133367267,0.0788335522154607,"Migrant"
"193","AMP057",57,"Ampahitra","Ampahitra",1,1,0.81,3,0,0,1,0,11,4,7,-75,33.41,-1.33976245171625,0.290023750718052,"Migrant"
"194","AMP058",58,"Ampahitra","Ampahitra",1,1,0.15,7,1,0,2,1,10,NA,7,84,NA,-0.0744545565191055,1.17577390500525,"Non-migrant"
"195","AMP060",60,"Ampahitra","Ampahitra",1,1,0.08,3,0,0,1,0,1,3,4,114,37.57,-1.43423647642015,0.0241693069399607,"Migrant"
"196","AMP061",61,"Ampahitra","Ampahitra",1,1,0.08,10,0,0,2,1,34,NA,6,2481,NA,-0.339536270506322,-0.303749650921879,"Non-migrant"
"197","AMP062",62,"Ampahitra","Ampahitra",1,1,0.03,3,0,0,1,1,45,NA,5,2555,NA,-1.44070730003001,0.00596009846200929,"Non-migrant"
"198","AMP063",63,"Ampahitra","Ampahitra",1,1,0.06,3,0,0,3,0,5,4,6,2161,0,-0.814162558926162,0.432261844111685,"Migrant"
"199","AMP064",64,"Ampahitra","Ampahitra",2,1,0.06,5,0,1,1,0,23,4,5,3904,0,-0.239319071879649,-0.564320466999498,"Migrant"
"200","AMP065",65,"Ampahitra","Ampahitra",1,1,0.07,9,1,1,3,1,15,NA,10,3209,NA,0.99960932026353,1.00563387784268,"Non-migrant"
"201","AMP066",66,"Ampahitra","Ampahitra",1,1,0.13,10,0,1,1,1,15,NA,6,1673,NA,-0.0951302371173809,-0.688891365706593,"Non-migrant"
"202","AMP067",67,"Ampahitra","Ampahitra",1,1,0,3,0,0,1,0,8,4,5,2084,0,-1.44458979419592,-0.00496542662476152,"Migrant"
"203","AMP068",68,"Ampahitra","Ampahitra",1,1,0.2,8,0,0,1,0,2,4,4,-48,29.4,-0.859157155153022,-0.314705069958164,"Migrant"
"204","AMP069",69,"Ampahitra","Ampahitra",1,1,4.3,11.5,1,1,4,0,4,4,2,2985,0,2.13814679342807,2.56253278673622,"Migrant"
"205","AMP070",70,"Ampahitra","Ampahitra",1,1,0.09,12,1,0,3,0,4,4,3,315,70.74,0.788660923221506,0.979034487867952,"Migrant"
"206","AMP071",71,"Ampahitra","Ampahitra",1,1,0.13,5,0,0,0,1,9,NA,4,1696,NA,-1.51527703843787,-0.318340185761624,"Non-migrant"
"207","AMP072",72,"Ampahitra","Ampahitra",1,1,0,1,0,1,0,1,10,NA,4,1842,NA,-1.43047432225822,-0.255285758989344,"Non-migrant"
"208","AMP073",73,"Ampahitra","Ampahitra",3,1,14.23,12,1,1,3,0,30,5,2,3934,NA,4.0167154991269,5.46791045911344,"Migrant"
"209","AMP074",74,"Ampahitra","Ampahitra",1,1,0.15,5,1,0,2,1,4,NA,4,1497,NA,-0.298274294360495,1.32880449590333,"Non-migrant"
"210","AMP075",75,"Ampahitra","Ampahitra",1,1,0.03,2,1,0,3,1,7,NA,3,1502,NA,-0.338202754317268,1.72233639218483,"Non-migrant"
"211","AMP076",76,"Ampahitra","Ampahitra",1,1,0.08,10,1,1,2,1,14,NA,6,2424,NA,0.80148223043723,0.725072313807779,"Non-migrant"
"212","AMP077",77,"Ampahitra","Ampahitra",1,1,0.28,11,1,1,3,0,14,5,3,1455,NA,1.25060651726632,0.929081962551996,"Migrant"
"213","AMP078",78,"Ampahitra","Ampahitra",1,1,0.03,8,1,0,3,0,14,4,7,1104,NA,0.3332564592069,1.26324461949058,"Migrant"
"214","AMP079",79,"Ampahitra","Ampahitra",2,1,0.08,10,1,1,2,1,12,NA,8,2424,NA,1.22590189333223,0.492559627138798,"Non-migrant"
"215","AMP080",80,"Ampahitra","Ampahitra",1,1,0.2,9,0,0,2,0,12,5,5,2644,18.4,-0.435916162763362,-0.183532255125754,"Migrant"
"216","AMP081",81,"Ampahitra","Ampahitra",1,1,0.22,1,0,1,1,0,10,4,5,2483,39.46,-1.09067157490589,0.032522868595095,"Migrant"
"217","AMP082",82,"Ampahitra","Ampahitra",1,1,0.12,6,0,1,2,1,3,NA,3,4939,NA,-0.232732754053165,-0.178783915324564,"Non-migrant"
"218","AMP083",83,"Ampahitra","Ampahitra",1,1,0.01,5,1,1,3,1,19,NA,9,4728,NA,0.544204856248924,1.28984400946531,"Non-migrant"
"219","AMP084",84,"Ampahitra","Ampahitra",2,1,1.6,12,0,1,3,1,9,NA,5,2464,NA,1.36601362468672,-0.123707693458981,"Non-migrant"
"220","AMP085",85,"Ampahitra","Ampahitra",1,1,0.06,6,0,1,1,1,25,NA,8,2388,NA,-0.551828865853958,-0.408323075779558,"Non-migrant"
"221","AMP086",86,"Ampahitra","Ampahitra",2,1,0.66,11,0,1,3,0,11,3,10,2967,29.4,1.13245227190072,-0.389525517395426,"Migrant"
"222","AMP087",87,"Ampahitra","Ampahitra",1,1,0.1,7,0,0,1,1,4,NA,3,3255,NA,-0.984008671293429,-0.274608191465026,"Non-migrant"
"223","AMP088",88,"Ampahitra","Ampahitra",2,1,0.02,8,1,1,3,1,2,NA,3,2550,NA,1.30564829062798,0.831427278144792,"Non-migrant"
"224","AMP089",89,"Ampahitra","Ampahitra",1,1,0.2,3,0,1,2,0,7,4,5,3028,NA,-0.558109043039479,0.0798967045872834,"Migrant"
"225","AMP090",90,"Ampahitra","Ampahitra",2,1,0.08,9,0,1,3,0,7,4,6,4033,0,0.833570980185003,-0.447721744841579,"Migrant"
"226","AMP091",91,"Ampahitra","Ampahitra",1,1,0.06,7,0,1,3,0,12,4,9,3170,0,0.182743250004668,-0.0694621506656952,"Migrant"
"227","AMP092",92,"Ampahitra","Ampahitra",1,1,0.13,7,0,1,3,0,3,4,5,2424,18.4,0.191802403058466,-0.0439692587965633,"Migrant"
"228","AMP093",93,"Ampahitra","Ampahitra",1,1,0,4,1,1,2,1,17,NA,9,2878,NA,0.119669699137293,1.15502935293731,"Non-migrant"
"229","AMP094",94,"Ampahitra","Ampahitra",1,1,0.02,4,0,1,3,1,20,NA,11,3090,NA,-0.158163015645301,0.145516368899069,"Non-migrant"
"230","AMP095",95,"Ampahitra","Ampahitra",2,1,1.47,11,1,1,3,1,13,NA,7,2424,NA,1.8290317820759,1.12994843765826,"Non-migrant"
"231","AMP096",96,"Ampahitra","Ampahitra",2,1,0.42,4,0,1,3,0,1,4,5,2424,29.4,0.318023236128552,0.058677350053699,"Migrant"
"232","AMP097",97,"Ampahitra","Ampahitra",1,1,0.12,12,0,0,2,1,18,NA,4,661,NA,-0.110539873777048,-0.442212875037601,"Non-migrant"
"233","AMP098",98,"Ampahitra","Ampahitra",1,1,0,3,1,0,1,1,4,NA,4,1855,NA,-0.852837626500418,1.21951935108611,"Non-migrant"
"234","AMP099",99,"Ampahitra","Ampahitra",1,1,5.16,10,0,1,2,0,14,5,8,2424,21.48,0.867165741503119,1.35064311745677,"Migrant"
"235","AMP100",100,"Ampahitra","Ampahitra",1,1,0.15,5,0,1,2,1,11,NA,6,2424,NA,-0.340760128807946,-0.0913430947887515,"Non-migrant"
"236","AMP101",101,"Ampahitra","Ampahitra",1,1,0.02,4,0,0,2,1,10,NA,6,2252,NA,-1.01876047236232,0.13349107159883,"Non-migrant"
"237","AMP102",102,"Ampahitra","Ampahitra",1,1,1.65,12,1,0,3,0,25,4,8,2083,33.84,0.990550619849019,1.54716179238004,"Migrant"
"238","AMP103",103,"Ampahitra","Ampahitra",1,1,0.1,7,1,0,1,1,10,NA,7,2424,NA,-0.392256503597927,0.949876586245846,"Non-migrant"
"239","AMP104",104,"Ampahitra","Ampahitra",1,1,0.11,7,0,0,2,0,8,4,5,1442,0,-0.671383383102492,-0.0632782394879829,"Migrant"
"240","AMP105",105,"Ampahitra","Ampahitra",1,1,0.01,3,0,0,2,1,7,NA,3,373,NA,-1.13196450600498,0.206364525352281,"Non-migrant"
"241","AMP106",106,"Ampahitra","Ampahitra",2,1,0.07,3,1,0,2,0,4,3,3,-414,0,-0.108027687082651,1.22018766656771,"Migrant"
"242","AMP107",107,"Ampahitra","Ampahitra",1,1,0.05,8,0,0,2,0,13,3,5,-221,29.4,-0.567238502513625,-0.161644585110566,"Migrant"
"243","AMP108",108,"Ampahitra","Ampahitra",1,1,0.04,4,0,0,2,0,2,4,6,321,18.4,-1.01617214291837,0.14077475499001,"Migrant"
"244","AMP109",109,"Ampahitra","Ampahitra",1,1,0.08,3,0,0,2,0,4,4,3,518,671.33,-1.12290535295118,0.231857417221413,"Migrant"
"245","AMP110",110,"Ampahitra","Ampahitra",1,1,0.23,1,0,0,1,1,7,NA,3,381,NA,-1.63864374343197,0.231827523271898,"Non-migrant"
"246","AMP111",111,"Ampahitra","Ampahitra",1,1,0,3,0,0,1,0,2,5,3,-447,33.84,-1.44458979419592,-0.00496542662476152,"Migrant"
"247","AMP112",112,"Ampahitra","Ampahitra",1,1,0.35,9,1,0,3,0,15,6,8,611,75.37,0.486579599230674,1.30326825830042,"Migrant"
"248","AMP113",113,"Ampahitra","Ampahitra",2,1,3.41,12,1,0,3,1,12,NA,5,319,NA,1.64274327381096,1.95561324413495,"Non-migrant"
"249","AMP114",114,"Ampahitra","Ampahitra",1,1,0.09,10,0,0,1,1,20,NA,2,1277,NA,-0.649573229253317,-0.507795919507741,"Non-migrant"
"250","AMP115",115,"Ampahitra","Ampahitra",1,1,0.02,4,0,0,1,0,1,3,3,518,33.41,-1.33009159583128,-0.0741970386826226,"Migrant"
"251","AMP116",116,"Ampahitra","Ampahitra",1,1,0.1,6,0,0,2,1,26,NA,10,364,NA,-0.784587416745158,0.0095952142654685,"Non-migrant"
"252","AMP117",117,"Ampahitra","Ampahitra",1,1,1.6,6,1,0,2,0,1,3,4,419,61.53,0.00128945924602974,1.78035624631488,"Migrant"
"253","AMP118",118,"Ampahitra","Ampahitra",1,1,0,2,1,0,2,1,13,NA,7,407,NA,-0.653416371952147,1.5037227568166,"Non-migrant"
"254","AMP119",119,"Ampahitra","Ampahitra",1,1,0.02,2,0,1,1,1,15,NA,8,1276,NA,-1.00464500042462,-0.116829260765752,"Non-migrant"
"255","AMP120",120,"Ampahitra","Ampahitra",2,1,14,12,1,0,3,0,1,6,5,1057,681.757,3.0132637143785,5.81232359976506,"Migrant"
"256","AMP121",121,"Ampahitra","Ampahitra",2,2,0.07,7,1,0,3,0,3,4,7,908,29.4,1.42362650607321,-0.221339018210923,"Migrant"
"257","AMP122",122,"Ampahitra","Ampahitra",1,1,0.02,3,1,1,3,1,41,NA,11,1424,NA,0.321679283129506,1.44651644205898,"Non-migrant"
"258","AMP123",123,"Ampahitra","Ampahitra",1,1,0.04,4,1,1,3,1,14,NA,6,1892,NA,0.436177481494143,1.37728483000112,"Non-migrant"
"259","AMP124",124,"Ampahitra","Ampahitra",1,1,0,2,1,0,3,1,30,NA,5,1244,NA,-0.342085248483182,1.71141086709806,"Non-migrant"
"260","AMP125",125,"Ampahitra","Ampahitra",2,1,1.45,1,1,0,3,1,1,NA,2,76,NA,0.158078430176957,2.08348052173871,"Non-migrant"
"261","AMP126",126,"Ampahitra","Ampahitra",1,1,0.1,6,0,0,3,0,7,4,5,79,18.4,-0.473256293276193,0.217283324546921,"Migrant"
"262","AMP127",127,"Ampahitra","Ampahitra",2,1,0.05,6,1,0,2,1,3,NA,3,74,NA,0.225113590235491,0.983358096829407,"Non-migrant"
"263","AMP128",128,"Ampahitra","Ampahitra",1,1,1.8,4,1,0,1,1,10,NA,7,921,NA,-0.5079781076249,1.79853556084332,"Non-migrant"
"264","AMP129",129,"Ampahitra","Ampahitra",2,1,0.5,6,0,0,3,1,2,NA,3,-35,NA,0.00292995849766017,0.130444305701551,"Non-migrant"
"265","AMP130",130,"Ampahitra","Ampahitra",2,1,0.8,10,0,0,1,0,15,5,8,25,37.57,-0.133267871098355,-0.481737845789812,"Migrant"
"266","AMP131",131,"Ampahitra","Ampahitra",1,1,0.04,4,0,0,0,0,7,5,6,25,61.53,-1.63883438985631,-0.274601465572894,"Migrant"
"267","AMP132",132,"Ampahitra","Ampahitra",2,2,0.04,7,0,0,1,0,43,4,2,910,17.22,0.205329597273863,-1.87212554157147,"Migrant"
"268","AMP133",133,"Ampahitra","Ampahitra",1,1,0.42,8,0,0,1,0,13,4,5,591,0,-0.830685531269655,-0.234584552655178,"Migrant"
"269","AMP134",134,"Ampahitra","Ampahitra",1,2,0.15,12,0,0,3,0,2,6,1,351,37.57,0.977357337861948,-1.5667528529333,"Migrant"
"270","AMP135",135,"Ampahitra","Ampahitra",1,1,0.1,6,0,0,2,1,2,NA,4,-1592,NA,-0.784587416745158,0.0095952142654685,"Non-migrant"
"271","AMP136",136,"Ampahitra","Ampahitra",1,1,0.52,11,1,0,2,0,6,4,7,86,37.57,0.421069013876609,1.00446086594592,"Migrant"
"272","AMP137",137,"Ampahitra","Ampahitra",1,1,0.08,11,1,0,3,1,8,NA,4,63,NA,0.67545688957884,1.0519079416214,"Non-migrant"
"273","AMP138",138,"Ampahitra","Ampahitra",2,1,1.47,10,0,0,3,1,13,NA,6,127,NA,0.576103412211649,0.177641768377642,"Non-migrant"
"274","AMP139",139,"Ampahitra","Ampahitra",2,1,0.05,4,0,0,0,1,2,NA,5,-19,NA,-1.21312056223933,-0.503472310546285,"Non-migrant"
"275","AMP140",140,"Ampahitra","Ampahitra",1,1,0.04,10,0,0,3,0,1,2,4,140,29.4,-0.0333818059252416,-0.110628907422788,"Migrant"
"276","AMP141",141,"Ampahitra","Ampahitra",2,2,0,7,0,1,3,1,11,NA,4,95,NA,1.37208151857196,-1.66697950077214,"Non-migrant"
"277","AMP142",142,"Ampahitra","Ampahitra",2,1,2.13,8,0,1,3,0,29,2,6,95,37.57,0.986964879268412,0.375371098203471,"Migrant"
"278","AMP143",143,"Ampahitra","Ampahitra",1,1,0.05,9,1,0,3,1,4,NA,4,73,NA,0.447754657571537,1.19401300743272,"Non-migrant"
"279","AMP144",144,"Ampahitra","Ampahitra",2,1,0.06,9,0,0,2,1,12,NA,8,-75,NA,-0.0296148059759561,-0.467030725532999,"Non-migrant"
"280","AMP145",145,"Ampahitra","Ampahitra",2,1,0.76,10,0,1,3,1,15,NA,7,-101,NA,1.03348405019974,-0.276591804990482,"Non-migrant"
"281","AMP146",146,"Ampahitra","Ampahitra",3,1,2.18,11,0,1,4,1,17,NA,6,108,NA,2.06491609600432,0.139209843946768,"Non-migrant"
"282","AMP147",147,"Ampahitra","Ampahitra",2,1,0.03,3,1,0,1,1,3,NA,3,169,NA,-0.424535469439501,0.9979321895039,"Non-migrant"
"283","AMP148",148,"Ampahitra","Ampahitra",2,1,0.77,3,0,1,2,0,7,4,6,-741,0,-0.059921990992115,0.0549689945669484,"Migrant"
"284","AMP149",149,"Ampahitra","Ampahitra",1,1,2.1,3,0,0,2,0,3,4,3,-66,29.4,-0.861484079112994,0.967509439730651,"Migrant"
"285","AMP150",150,"Ampahitra","Ampahitra",1,1,0.74,1,1,0,2,0,6,4,6,-1094,29.4,-0.66955805144697,1.84973433773933,"Migrant"
"286","AMP151",151,"Ampahitra","Ampahitra",1,1,1.5,4,0,0,3,0,10,4,8,-1087,29.4,-0.515892970041608,0.880171752827644,"Migrant"
"287","AMP152",152,"Ampahitra","Ampahitra",1,1,0.03,3,0,0,3,0,8,4,3,-1042,29.4,-0.818045053092075,0.421336319024914,"Migrant"
"288","AMP153",153,"Ampahitra","Ampahitra",1,1,0.72,2,1,0,2,0,2,4,8,-170,29.4,-0.560236511970218,1.7659353588991,"Migrant"
"289","AMP154",154,"Ampahitra","Ampahitra",2,1,0.01,3,0,0,1,0,1,2,3,-1028,29.4,-1.01887596657895,-0.233836271598152,"Migrant"
"290","AMP155",155,"Ampahitra","Ampahitra",1,1,2.31,4,0,0,2,0,9,4,7,-1081,29.4,-0.722396751030903,0.967472819889005,"Migrant"
"291","AMP156",156,"Ampahitra","Ampahitra",1,1,0.72,3,1,0,1,0,3,4,2,-1085,29.4,-0.759657766518489,1.48173195316861,"Migrant"
"292","AMP157",157,"Ampahitra","Ampahitra",2,1,3.63,9,0,1,2,0,6,4,4,-2173,29.4,0.981668333015828,0.63744394681152,"Migrant"
"293","AMP158",158,"Ampahitra","Ampahitra",1,1,0.02,3,0,0,1,0,5,4,4,-149,0,-1.44200146475198,0.00231825676641906,"Migrant"
"294","AMP159",159,"Ampahitra","Ampahitra",1,1,0.04,10,0,0,3,0,7,4,7,-1100,29.4,-0.0333818059252416,-0.110628907422788,"Migrant"
"295","AMP160",160,"Ampahitra","Ampahitra",1,1,0.14,2,0,0,1,0,6,4,6,-1371,29.4,-1.53838135700902,0.122535652562544,"Migrant"
"296","AMP161",161,"Ampahitra","Ampahitra",1,1,0.11,2,0,0,1,0,9,4,5,-1372,29.4,-1.54226385117493,0.111610127475773,"Migrant"
"297","AMP162",162,"Ampahitra","Ampahitra",1,1,4.3,7,0,0,3,0,12,4,10,-1058,29.4,0.182202758872423,1.6703415412458,"Migrant"
"298","AMP163",163,"Ampahitra","Ampahitra",1,1,1,8,0,0,2,0,4,4,6,-974,29.4,-0.444292853926357,0.184330375970511,"Migrant"
"299","AMP164",164,"Ampahitra","Ampahitra",1,1,1.48,5,0,0,0,0,7,4,5,1801,29.4,-1.34056480097175,0.173308443143065,"Migrant"
"300","AMP165",165,"Ampahitra","Ampahitra",2,1,0.74,3,0,0,2,0,18,4,5,1655,29.4,-0.613070818406079,0.239706282461391,"Migrant"
"301","AMP166",166,"Ampahitra","Ampahitra",2,1,0,6,1,0,2,0,1,4,3,1324,0,0.218642766625634,0.965148888351456,"Migrant"
"302","AMP167",167,"Ampahitra","Ampahitra",1,1,0.01,3,0,0,0,0,5,4,4,1026,29.4,-1.75462675294291,-0.209011695210624,"Migrant"
"303","AMP168",168,"Ampahitra","Ampahitra",1,1,0.4,10,0,0,4,1,8,NA,6,2350,NA,0.324539247534689,0.228165503899915,"Non-migrant"
"304","AMP169",169,"Ampahitra","Ampahitra",1,1,0.04,3,0,0,2,0,1,4,6,2435,29.4,-1.12808201183907,0.217290050439052,"Migrant"
"305","AMP170",170,"Ampahitra","Ampahitra",1,1,0.09,6,0,0,1,0,4,4,8,578,29.4,-1.0972127049361,-0.201734737711574,"Migrant"
"306","AMP171",171,"Ampahitra","Ampahitra",1,1,0.02,6,1,0,1,0,4,4,4,1330,29.4,-0.514519690294392,0.997257148130165,"Migrant"
"307","AMP172",172,"Ampahitra","Ampahitra",1,1,0.01,3,1,0,3,0,1,3,3,1314,0,-0.228881214840516,1.6385374133446,"Migrant"
"308","AMP173",173,"Ampahitra","Ampahitra",1,1,0.06,4,0,0,2,0,9,4,6,2575,29.4,-1.01358381347443,0.148058438381191,"Migrant"
"309","AMP174",174,"Ampahitra","Ampahitra",1,1,0.03,3,0,0,0,0,8,4,5,2293,29.4,-1.75203842349897,-0.201728011819443,"Migrant"
"310","AMP175",175,"Ampahitra","Ampahitra",2,1,4.26,10,1,1,1,0,13,4,5,2940,29.4,1.45553162364725,1.80716134561409,"Migrant"
"311","AMP176",176,"Ampahitra","Ampahitra",1,1,0.72,3,0,0,3,0,5,4,5,971,29.4,-0.72874768727606,0.672623396020644,"Migrant"
"312","AMP177",177,"Ampahitra","Ampahitra",1,1,0.04,4,0,0,1,0,6,3,12,1087,29.4,-1.32750326638734,-0.0669133552914421,"Migrant"
"313","AMP178",178,"Ampahitra","Ampahitra",1,1,0.13,7,1,0,2,0,16,4,8,860,29.4,-0.077042885963048,1.16849022161407,"Migrant"
"314","AMP179",179,"Ampahitra","Ampahitra",1,1,0.1,2,0,0,2,0,14,2,6,1882,29.4,-1.23222689242794,0.315656396061635,"Migrant"
"315","AMP180",180,"Ampahitra","Ampahitra",1,1,0,1,0,0,1,0,3,4,4,1017,29.4,-1.66840953203731,0.148065164273322,"Migrant"
"316","AMP181",181,"Ampahitra","Ampahitra",1,1,0.04,3,0,0,0,0,4,4,5,994,29.4,-1.750744258777,-0.198086170123853,"Migrant"
"317","AMP182",182,"Ampahitra","Ampahitra",2,1,0.75,3,0,0,2,0,8,4,9,2322,29.4,-0.611776653684108,0.243348124156981,"Migrant"
"318","AMP183",183,"Ampahitra","Ampahitra",1,1,1.5,4,0,0,1,0,16,4,10,2271,29.4,-1.13855521697954,0.46479553226474,"Migrant"
"319","AMP184",184,"Ampahitra","Ampahitra",1,1,0.22,6,0,0,1,0,2,4,5,979,29.4,-1.08038856355047,-0.1543907956689,"Migrant"
"320","AMP185",185,"Ampahitra","Ampahitra",1,1,0.06,3,0,0,3,0,20,4,5,1300,29.4,-0.814162558926162,0.432261844111685,"Migrant"
"321","AMP186",186,"Ampahitra","Ampahitra",1,1,0.02,3,0,0,3,0,16,4,14,1302,29.4,-0.819339217814046,0.417694477329324,"Migrant"
"322","AMP187",187,"Ampahitra","Ampahitra",1,1,0.2,3,0,0,3,0,2,5,4,1306,29.4,-0.796044252818564,0.483247627849949,"Migrant"
"323","AMP188",188,"Ampahitra","Ampahitra",1,1,0.03,1,1,1,1,0,11,4,9,1321,29.4,-0.523508536927843,1.18781265408975,"Migrant"
"324","AMP189",189,"Ampahitra","Ampahitra",1,1,0.04,8,0,1,1,0,16,4,8,2298,29.4,-0.330597457456511,-0.568637350068822,"Migrant"
"325","AMP190",190,"Ampahitra","Ampahitra",2,1,1.47,4,1,0,1,0,10,4,8,3313,29.4,-0.126265880554948,1.44584209821986,"Migrant"
"326","AMP191",191,"Ampahitra","Ampahitra",2,2,1.49,10,0,0,3,0,5,6,6,1325,29.4,1.35137533565971,-1.1582281614951,"Migrant"
"327","AMP192",192,"Ampahitra","Ampahitra",1,1,1.5,5,1,0,1,0,10,4,8,1255,29.4,-0.434893180363343,1.61276501452657,"Migrant"
"328","AMP193",193,"Ampahitra","Ampahitra",0,1,0,5,0,0,1,0,6,4,7,1296,29.4,-1.64518971924953,0.0745166691461362,"Migrant"
"329","AMP194",194,"Ampahitra","Ampahitra",1,2,0.1,4,0,0,1,0,14,4,6,1003,29.4,-0.547054684051396,-1.38821591838182,"Migrant"
"330","AMP195",195,"Ampahitra","Ampahitra",2,1,7.76,9,0,0,3,0,18,4,10,-8,29.4,1.27822315341086,2.54487549035297,"Migrant"
"331","AMP196",196,"Ampahitra","Ampahitra",1,1,2.27,5,0,1,0,0,7,4,10,2271,29.4,-0.689059454687974,0.265351124113484,"Migrant"
"332","AMP197",197,"Ampahitra","Ampahitra",1,1,2.68,7,0,0,1,0,18,4,10,985,29.4,-0.650114173024849,0.664986965997268,"Migrant"
"333","AMP198",198,"Ampahitra","Ampahitra",1,1,8.02,8,1,0,4,0,18,4,9,985,29.4,1.67862519553089,4.38076424454867,"Migrant"
"334","AMP199",199,"Ampahitra","Ampahitra",1,1,0.84,2,0,1,1,0,2,4,11,979,29.4,-0.89852349322298,0.181801758272651,"Migrant"
"335","AMP200",200,"Ampahitra","Ampahitra",1,1,0.06,6,0,1,1,0,13,4,7,-379,29.4,-0.551828865853958,-0.408323075779558,"Migrant"
"336","AMP201",201,"Ampahitra","Ampahitra",1,1,3.06,9,0,0,3,0,15,4,9,455,70.74,0.245546071189378,1.06572258009452,"Migrant"
"337","AMP202",202,"Ampahitra","Ampahitra",1,1,4.37,6,0,0,1,0,13,NA,7,291,0,-0.543310203932404,1.35697350800107,"Migrant"
"338","AMP203",203,"Ampahitra","Ampahitra",1,1,5.18,8,1,0,2,0,9,4,6,-970,29.4,0.688420167553123,2.93110498243812,"Migrant"
"339","ANT001",292,"Zahamena","Antevibe",2,2,0.21,8,0,1,1,0,4,3,6,1878,22.875,0.88850659971612,-2.08239234117669,"Migrant"
"340","ANT002",293,"Zahamena","Antevibe",3,2,0,6,0,1,1,1,NA,NA,3,2012,NA,1.06192906560834,-2.23835311255498,"Non-migrant"
"341","ANT003",294,"Zahamena","Antevibe",1,2,0.03,3,0,0,1,1,25,NA,5,2048,NA,-0.66802370602589,-1.33719351480191,"Non-migrant"
"342","ANT004",295,"Zahamena","Antevibe",1,1,0,7,0,0,1,1,4,NA,5,2060,NA,-0.996950318513142,-0.311026608420928,"Non-migrant"
"343","ANT005",296,"Zahamena","Antevibe",1,1,0,6,0,0,1,1,14,NA,6,1840,NA,-1.10886018743384,-0.234511312971887,"Non-migrant"
"344","ANT006",297,"Zahamena","Antevibe",1,1,0.01,5,0,0,0,1,9,NA,3,1841,NA,-1.53080701510153,-0.362042286108707,"Non-migrant"
"345","ANT007",298,"Zahamena","Antevibe",1,1,0.03,5,0,0,1,1,36,NA,7,1863,NA,-1.21688756218862,-0.147070492436074,"Non-migrant"
"346","ANT008",299,"Zahamena","Antevibe",1,2,0.11,5,0,0,1,1,3,NA,3,2025,NA,-0.43385065040873,-1.46108937213527,"Non-migrant"
"347","ANT009",300,"Zahamena","Antevibe",1,1,0.01,6,0,0,1,1,14,NA,6,2010,NA,-1.10756602271187,-0.230869471276296,"Non-migrant"
"348","ANT010",301,"Zahamena","Antevibe",1,1,0.02,6,0,0,1,0,25,3,4,2045,22.875,-1.10627185798989,-0.227227629580706,"Migrant"
"349","ANT011",302,"Zahamena","Antevibe",1,2,2.12,8,0,1,1,0,14,3,6,1894,0,0.711272398717624,-1.15428789064996,"Migrant"
"350","ANT012",303,"Zahamena","Antevibe",1,1,0.06,9,0,0,3,1,5,NA,4,1894,NA,-0.142703345401994,-0.0268299285825654,"Non-migrant"
"351","ANT013",304,"Zahamena","Antevibe",2,2,0,8,0,1,1,1,16,NA,3,1898,NA,0.861329140554724,-2.15887101678409,"Non-migrant"
"352","ANT014",305,"Zahamena","Antevibe",2,1,0.02,5,0,0,1,0,22,3,10,1820,0,-0.793762064015585,-0.383225020800646,"Migrant"
"353","ANT015",306,"Zahamena","Antevibe",2,2,0,6,0,1,1,1,43,NA,4,1776,NA,0.637509402713335,-2.005840425886,"Non-migrant"
"354","ANT016",307,"Zahamena","Antevibe",1,1,0.03,5,0,0,1,1,5,NA,4,1820,NA,-1.21688756218862,-0.147070492436074,"Non-migrant"
"355","ANT017",308,"Zahamena","Antevibe",2,1,0.02,6,0,0,1,1,30,NA,7,1923,NA,-0.681852195094891,-0.459740316249687,"Non-migrant"
"356","ANT018",309,"Zahamena","Antevibe",1,2,0,9,0,0,1,1,1,NA,2,1880,NA,-0.000446986667635513,-1.80721081258293,"Non-migrant"
"357","ANT019",310,"Zahamena","Antevibe",1,2,0,3,0,0,1,1,1,NA,4,1913,NA,-0.671906200191803,-1.34811903988868,"Non-migrant"
"358","ANT020",311,"Zahamena","Antevibe",3,1,5.92,8,1,0,1,0,33,2,10,1972,794.363,1.32169655930004,2.52788778429239,"Migrant"
"359","ANT021",312,"Zahamena","Antevibe",1,1,0.03,12,0,0,1,1,1,NA,4,2049,NA,-0.433518479743755,-0.682677560579366,"Non-migrant"
"360","ANT022",313,"Zahamena","Antevibe",1,1,0.26,11,0,0,1,1,14,NA,5,2055,NA,-0.515662560059111,-0.522399906131748,"Non-migrant"
"361","ANT023",314,"Zahamena","Antevibe",2,2,1.43,12,1,0,1,1,50,NA,3,1890,NA,1.53652000592684,-0.524001245418758,"Non-migrant"
"362","ANT024",315,"Zahamena","Antevibe",1,1,0,3,0,0,1,1,1,NA,3,1892,NA,-1.44458979419592,-0.00496542662476152,"Non-migrant"
"363","ANT025",316,"Zahamena","Antevibe",1,1,0.01,2,0,0,1,1,3,NA,6,1892,NA,-1.55520549839464,0.0751917105198704,"Non-migrant"
"364","ANT026",317,"Zahamena","Antevibe",1,1,0.01,6,0,0,1,1,20,NA,8,1953,NA,-1.10756602271187,-0.230869471276296,"Non-migrant"
"365","ANT027",318,"Zahamena","Antevibe",1,1,0.01,2,0,0,3,0,8,6,4,2009,0,-0.932543251456712,0.490567931082775,"Migrant"
"366","ANT028",319,"Zahamena","Antevibe",1,1,1.4,7,0,0,1,0,11,3,5,-49,0,-0.815767257437168,0.198831228961711,"Migrant"
"367","ANT029",320,"Zahamena","Antevibe",1,1,2.53,8,0,0,1,1,14,NA,5,1884,NA,-0.557616774933723,0.533844045114372,"Non-migrant"
"368","ANT030",321,"Zahamena","Antevibe",2,1,0.21,4,1,0,1,1,3,NA,6,1839,NA,-0.289330635523324,0.986970044575483,"Non-migrant"
"369","ANT031",322,"Zahamena","Antevibe",1,1,0.02,6,1,0,3,1,20,NA,6,-63,NA,0.108142556643539,1.41263336869307,"Non-migrant"
"370","ANT032",323,"Zahamena","Antevibe",1,1,0,2,0,0,1,0,12,2,2,-66,0,-1.55649966311661,0.0715498688242802,"Migrant"
"371","ANT033",324,"Zahamena","Antevibe",1,1,0,2,0,0,1,0,40,6,4,-57,0,-1.55649966311661,0.0715498688242802,"Migrant"
"372","ANT034",325,"Zahamena","Antevibe",2,1,0,3,0,0,1,1,5,NA,7,1939,NA,-1.02017013130092,-0.237478113293743,"Non-migrant"
"373","ANT035",326,"Zahamena","Antevibe",1,1,0.08,6,0,0,1,1,6,NA,5,1928,NA,-1.09850686965807,-0.205376579407164,"Non-migrant"
"374","ANT036",327,"Zahamena","Antevibe",2,2,0.03,12,1,0,3,1,42,NA,10,1987,NA,1.9779991917888,-0.618482862238493,"Non-migrant"
"375","ANT037",328,"Zahamena","Antevibe",1,1,0.04,9,0,0,3,1,19,NA,7,1925,NA,-0.145291674845936,-0.034113611973746,"Non-migrant"
"376","ANT038",329,"Zahamena","Antevibe",2,2,0.01,8,0,0,3,0,20,4,5,1891,22.875,0.936019218966575,-1.54419014154438,"Migrant"
"377","ANT039",330,"Zahamena","Antevibe",1,1,0.06,10,0,0,3,1,5,NA,3,1847,NA,-0.0307934764812992,-0.103345224031607,"Non-migrant"
"378","ANT040",331,"Zahamena","Antevibe",1,1,0.02,7,0,0,3,1,5,NA,3,1898,NA,-0.371699742131268,0.111633295533157,"Non-migrant"
"379","ANT041",332,"Zahamena","Antevibe",1,1,0.01,8,1,0,3,1,20,NA,12,1848,NA,0.330668129762957,1.2559609360994,"Non-migrant"
"380","ANT042",333,"Zahamena","Antevibe",2,1,0,11,0,0,3,1,2,NA,2,2235,NA,0.497771067002571,-0.434224256323172,"Non-migrant"
"381","ANT043",334,"Zahamena","Antevibe",1,1,0.01,7,0,0,3,1,4,NA,4,2135,NA,-0.372993906853239,0.107991453837566,"Non-migrant"
"382","ANT044",335,"Zahamena","Antevibe",2,2,0.07,8,1,0,3,1,10,NA,7,1820,NA,1.53553637499391,-0.297854313659965,"Non-migrant"
"383","ANT045",336,"Zahamena","Antevibe",1,1,0,7,0,0,2,1,25,NA,10,1892,NA,-0.685619195044176,-0.103338498139476,"Non-migrant"
"384","ANT046",337,"Zahamena","Antevibe",1,1,0.71,9,0,0,3,1,13,NA,8,1894,NA,-0.0585826384738632,0.209889781630803,"Non-migrant"
"385","ANT047",338,"Zahamena","Antevibe",1,2,0.62,9,0,0,3,1,27,NA,10,1894,NA,0.702453473032513,-1.16604040689343,"Non-migrant"
"386","ANT048",339,"Zahamena","Antevibe",2,1,0.03,8,1,0,4,1,3,NA,8,1995,NA,1.06900724557087,1.23842004310305,"Non-migrant"
"387","ANT049",340,"Zahamena","Antevibe",2,1,4.57,5,1,0,3,0,22,4,9,1890,96.516,1.00949729911476,2.91367394896671,"Migrant"
"388","ANT050",341,"Zahamena","Antevibe",2,1,0.03,2,0,0,4,1,3,NA,4,2007,NA,-0.194204135648801,0.473027038086427,"Non-migrant"
"389","ANT051",342,"Zahamena","Antevibe",2,1,0.05,9,0,0,2,1,1,NA,5,2038,NA,-0.0309089706979274,-0.470672567228589,"Non-migrant"
"390","ANT052",343,"Zahamena","Antevibe",1,1,0.03,7,1,0,2,1,30,NA,7,2048,NA,-0.0899845331827604,1.13207180465817,"Non-migrant"
"391","ANT053",344,"Zahamena","Antevibe",2,2,0,4,0,1,2,1,2,NA,4,1855,NA,0.725020788340911,-1.64512172470647,"Non-migrant"
"392","ANT054",345,"Zahamena","Antevibe",1,2,0,6,0,0,2,1,-100,NA,9,1884,NA,-0.0248454699607538,-1.36997681595436,"Non-migrant"
"393","ANT055",346,"Zahamena","Antevibe",1,1,0.02,7,0,0,2,1,-100,NA,8,1884,NA,-0.683030865600234,-0.0960548147482955,"Non-migrant"
"394","ANT056",347,"Zahamena","Antevibe",2,2,0.1,5,1,0,2,1,23,NA,10,2218,NA,0.892358138928769,-0.265071012507521,"Non-migrant"
"395","ANT057",348,"Zahamena","Antevibe",1,1,0.03,4,0,0,3,1,4,NA,5,2003,NA,-0.706135184171381,0.344821023575872,"Non-migrant"
"396","ANT058",349,"Zahamena","Antevibe",2,1,0,10,0,0,3,1,13,NA,1,1929,NA,0.385861198081877,-0.35770896087413,"Non-migrant"
"397","ANT059",350,"Zahamena","Antevibe",1,1,0,3,0,0,1,1,-100,NA,3,2240,NA,-1.44458979419592,-0.00496542662476152,"Non-migrant"
"398","ANT060",351,"Zahamena","Antevibe",1,2,0.03,7,0,0,4,1,13,NA,5,2126,NA,0.713609140063786,-1.02019036575372,"Non-migrant"
"399","ANT061",352,"Zahamena","Antevibe",2,1,0.73,10,0,0,2,0,13,4,3,1915,64.028,0.169004099316812,-0.299542627377492,"Migrant"
"400","ANT062",353,"Zahamena","Antevibe",2,1,0,8,0,0,4,1,3,NA,3,1923,NA,0.473372583709453,0.00300974030540557,"Non-migrant"
"401","ANT063",354,"Zahamena","Antevibe",2,2,0,6,0,0,4,1,-100,NA,5,1854,NA,1.02223643987218,-1.18711328206043,"Non-migrant"
"402","ANT064",355,"Zahamena","Antevibe",2,1,3.03,10,0,0,4,1,4,NA,3,1886,NA,1.08932423230813,0.953457183171179,"Non-migrant"
"403","SAH001",356,"Sahavazina","Sahavazina",2,1,2.85,7,0,1,3,0,32,4,7,2802,0,0.968234870329647,0.714098995735013,"Migrant"
"404","SAH002",357,"Sahavazina","Sahavazina",1,1,0.04,4,0,1,1,0,18,4,8,3113,0,-0.77823693313929,-0.262576168272655,"Migrant"
"405","SAH003",358,"Sahavazina","Sahavazina",2,1,0.01,5,0,1,0,1,25,NA,4,2813,NA,-0.557121018958471,-0.790217785758901,"Non-migrant"
"406","SAH004",359,"Sahavazina","Sahavazina",2,2,0.74,7,0,1,1,1,34,NA,10,2380,NA,0.845187461059901,-1.81285943586136,"Non-migrant"
"407","SAH005",360,"Sahavazina","Sahavazina",1,1,0,12,0,0,1,0,30,3,2,2372,0,-0.437400973909668,-0.693603085666137,"Migrant"
"408","SAH006",361,"Sahavazina","Sahavazina",1,1,0.01,4,1,0,3,1,18,NA,2,2811,NA,-0.116971345919821,1.56202211789556,"Non-migrant"
"409","SAH007",362,"Sahavazina","Sahavazina",1,1,0.03,9,0,1,3,0,7,4,5,3119,0,0.402680493680143,-0.23341826665055,"Migrant"
"410","SAH008",363,"Sahavazina","Sahavazina",2,1,0.04,3,0,0,1,1,13,NA,6,3076,NA,-1.01499347241303,-0.222910746511382,"Non-migrant"
"411","SAH009",364,"Sahavazina","Sahavazina",1,1,0.05,4,1,1,2,0,18,4,4,2929,29.28,0.126140522747149,1.17323856141526,"Migrant"
"412","SAH010",365,"Sahavazina","Sahavazina",1,1,1.41,6,0,0,2,1,26,NA,4,4771,NA,-0.615051838166926,0.486676476387796,"Non-migrant"
"413","SAH011",366,"Sahavazina","Sahavazina",1,1,0.02,7,0,0,1,1,8,NA,7,4453,NA,-0.994361989069199,-0.303742925029748,"Non-migrant"
"414","SAH012",367,"Sahavazina","Sahavazina",1,1,0.01,3,0,0,1,0,1,3,5,4441,0,-1.44329562947395,-0.00132358492917117,"Migrant"
"415","SAH013",368,"Sahavazina","Sahavazina",1,1,0.03,10,0,1,1,1,2,NA,3,4218,NA,-0.108071884337093,-0.725309782662496,"Non-migrant"
"416","SAH015",370,"Sahavazina","Sahavazina",1,1,0,2,0,0,1,0,2,2,2,4488,36.55,-1.55649966311661,0.0715498688242802,"Migrant"
"417","SAH016",371,"Sahavazina","Sahavazina",1,1,1.44,9,1,1,3,1,17,NA,7,4458,NA,1.17690988717359,1.50456619013855,"Non-migrant"
"418","SAH017",372,"Sahavazina","Sahavazina",1,1,1.46,7,0,1,2,1,25,NA,2,6633,NA,0.0525951876116759,0.232707576435492,"Non-migrant"
"419","SAH018",373,"Sahavazina","Sahavazina",1,1,0.75,7,0,0,2,0,30,4,6,6655,20.54,-0.588556840896333,0.169799629029795,"Migrant"
"420","SAH019",374,"Sahavazina","Sahavazina",1,1,0.01,4,0,0,3,1,15,NA,7,6641,NA,-0.708723513615323,0.337537340184692,"Non-migrant"
"421","SAH020",375,"Sahavazina","Sahavazina",1,1,0.05,7,1,1,4,1,10,NA,6,6620,NA,1.08453237644716,1.35906889563104,"Non-migrant"
"422","SAH021",376,"Sahavazina","Sahavazina",1,1,0.7,6,0,0,2,1,12,NA,6,6616,NA,-0.706937533426884,0.228105716000886,"Non-migrant"
"423","SAH022",377,"Sahavazina","Sahavazina",1,1,0.05,7,0,0,4,1,2,NA,3,6632,NA,-0.0564861244963887,0.33024693090138,"Non-migrant"
"424","SAH023",378,"Sahavazina","Sahavazina",1,1,0.03,4,0,1,3,1,4,NA,4,6665,NA,-0.15686885092333,0.149158210594659,"Non-migrant"
"425","SAH024",379,"Sahavazina","Sahavazina",1,1,0.06,9,1,1,2,0,4,3,4,6599,20.41,0.686984032072593,0.79430392586564,"Migrant"
"426","SAH025",380,"Sahavazina","Sahavazina",1,1,0.02,5,1,0,1,1,36,NA,7,6642,NA,-0.626429559215087,1.07377244357921,"Non-migrant"
"427","SAH026",381,"Sahavazina","Sahavazina",1,1,1.44,3,0,0,2,0,20,3,6,6656,NA,-0.946898950763096,0.727147887821692,"Migrant"
"428","SAH027",382,"Sahavazina","Sahavazina",1,2,0.79,3,0,1,1,1,6,NA,2,6620,NA,-0.0204008539080244,-1.25607635891826,"Non-migrant"
"429","SAH028",383,"Sahavazina","Sahavazina",1,1,0,3,0,0,1,1,5,NA,2,6614,NA,-1.44458979419592,-0.00496542662476152,"Non-migrant"
"430","SAH029",384,"Sahavazina","Sahavazina",2,2,0.2,12,1,1,2,1,11,NA,2,6608,NA,2.23793520184139,-0.959922476676124,"Non-migrant"
"431","SAH030",385,"Sahavazina","Sahavazina",1,1,0.02,4,0,0,3,0,5,5,2,6650,NA,-0.707429348893352,0.341179181880282,"Migrant"
"432","SAH032",387,"Sahavazina","Sahavazina",2,2,0.03,4,0,1,1,0,30,3,4,6639,24.11,0.417572159037859,-1.84188430990115,"Migrant"
"433","SAH033",388,"Sahavazina","Sahavazina",1,1,0.03,4,0,1,1,0,8,6,2,6652,0,-0.779531097861261,-0.266218009968246,"Migrant"
"434","SAH034",389,"Sahavazina","Sahavazina",1,1,0,9,0,0,2,1,7,NA,4,6608,NA,-0.461799457202787,-0.25636908903756,"Non-migrant"
"435","SAH035",390,"Sahavazina","Sahavazina",1,1,0.03,10,1,1,3,1,2,NA,4,6633,NA,1.10634253029634,0.91455121561128,"Non-migrant"
"436","SAH036",391,"Sahavazina","Sahavazina",1,1,0.02,8,1,1,4,1,16,NA,5,6627,NA,1.19255975120195,1.27162807509523,"Non-migrant"
"437","SAH037",392,"Sahavazina","Sahavazina",1,1,0.11,10,0,1,3,1,6,NA,6,6610,NA,0.524943680376608,-0.280798828534869,"Non-migrant"
"438","SAH038",393,"Sahavazina","Sahavazina",1,1,0.04,10,0,1,3,1,1,NA,3,6597,NA,0.515884527322809,-0.306291720404001,"Non-migrant"
"439","SAH039",394,"Sahavazina","Sahavazina",1,2,0.09,10,1,1,4,1,9,NA,6,6654,NA,2.19812223610125,-0.199063237197648,"Non-migrant"
"440","SAH040",395,"Sahavazina","Sahavazina",2,1,0.74,10,0,1,3,1,30,NA,5,6622,NA,1.0308957207558,-0.283875488381662,"Non-migrant"
"441","SAH041",396,"Sahavazina","Sahavazina",1,1,0.05,9,1,0,3,1,7,NA,3,6649,NA,0.447754657571537,1.19401300743272,"Non-migrant"
"442","SAH042",397,"Sahavazina","Sahavazina",1,1,0.71,11,1,1,3,0,1,3,3,6599,24.11,1.30625560031108,1.08568115546238,"Migrant"
"443","SAH043",398,"Sahavazina","Sahavazina",2,1,0.26,10,0,1,2,1,1,NA,3,4217,NA,0.657444690632214,-0.666372000051448,"Non-migrant"
"444","SAH044",399,"Sahavazina","Sahavazina",1,1,0,8,0,0,1,1,15,NA,10,4262,NA,-0.885040449592447,-0.38754190386997,"Non-migrant"
"445","SAH045",400,"Sahavazina","Sahavazina",1,1,0.01,8,0,0,0,0,18,4,8,4264,29.28,-1.19507740833944,-0.591588172455832,"Migrant"
"446","SAH046",401,"Sahavazina","Sahavazina",2,1,0,10,0,0,2,0,3,2,3,4172,24.11,0.074530074612911,-0.565397071155582,"Migrant"
"447","SAH047",402,"Sahavazina","Sahavazina",2,1,0.02,2,0,1,1,1,20,NA,10,4259,NA,-0.580225337529618,-0.349341947434734,"Non-migrant"
"448","SAH048",403,"Sahavazina","Sahavazina",2,1,0.02,2,0,0,1,0,15,4,7,4261,0,-1.12949167077767,-0.15367913445352,"Migrant"
"449","SAH049",404,"Sahavazina","Sahavazina",1,1,0.82,4,0,1,2,1,28,NA,5,4242,NA,-0.365960961356568,0.229175594264839,"Non-migrant"
"450","SAH050",405,"Sahavazina","Sahavazina",2,1,0.04,6,0,1,4,1,20,NA,12,4204,NA,0.803995838004,-0.025055114995363,"Non-migrant"
"451","SAH051",406,"Sahavazina","Sahavazina",1,1,0,6,0,1,1,1,1,NA,6,2814,NA,-0.559593854185785,-0.4301741259531,"Non-migrant"
"452","SAH052",407,"Sahavazina","Sahavazina",2,1,0.06,4,0,1,2,1,4,NA,3,2444,NA,-0.0398978173313785,-0.280117061269004,"Non-migrant"
"453","SAH053",408,"Sahavazina","Sahavazina",2,1,2.95,9,0,1,1,1,29,NA,8,4574,NA,0.582334008452818,0.182110601229928,"Non-migrant"
"454","SAH054",409,"Sahavazina","Sahavazina",1,1,0.04,6,0,1,3,1,3,NA,4,4958,NA,0.0682450516400307,-0.000230538607834063,"Non-migrant"
"455","SAH055",410,"Sahavazina","Sahavazina",1,1,0.04,2,0,0,2,1,50,NA,1,4164,NA,-1.23999188075976,0.293805345888094,"Non-migrant"
"456","SAH056",411,"Sahavazina","Sahavazina",1,1,0,6,0,1,1,0,10,3,3,4252,24.11,-0.559593854185785,-0.4301741259531,"Migrant"
"457","SAH057",412,"Sahavazina","Sahavazina",1,1,1.42,6,0,0,1,0,20,5,7,4259,20.41,-0.92508879691392,0.282630207801934,"Migrant"
"458","SAH058",413,"Sahavazina","Sahavazina",2,2,0.84,6,1,1,1,0,30,5,5,4208,0,1.33797140705442,-0.475440945745548,"Migrant"
"459","SAH059",414,"Sahavazina","Sahavazina",1,1,0.04,7,0,1,2,0,9,3,8,4159,NA,-0.13117620290824,-0.284433944338328,"Migrant"
"460","SAH060",415,"Sahavazina","Sahavazina",1,1,0.09,2,0,1,1,0,10,3,2,4206,20.41,-0.995585847370823,-0.0913363688966204,"Migrant"
"461","SAH061",416,"Sahavazina","Sahavazina",1,1,0.03,6,0,0,1,1,50,NA,10,4239,NA,-1.10497769326792,-0.223585787885116,"Non-migrant"
"462","SAH062",417,"Sahavazina","Sahavazina",1,1,0,3,0,0,1,1,7,NA,5,4257,NA,-1.44458979419592,-0.00496542662476152,"Non-migrant"
"463","SAH063",418,"Sahavazina","Sahavazina",1,1,0,1,0,0,1,0,40,3,2,4226,0,-1.66840953203731,0.148065164273322,"Migrant"
"464","SAH064",419,"Sahavazina","Sahavazina",1,1,0.12,3,0,1,1,0,8,4,4,4209,24.11,-0.879793484284215,-0.156926139258891,"Migrant"
"465","SAH065",420,"Sahavazina","Sahavazina",1,1,0.03,3,0,1,3,1,20,NA,9,4258,NA,-0.268778719844024,0.225673506043701,"Non-migrant"
"466","SAH066",421,"Sahavazina","Sahavazina",2,1,0.01,6,0,1,3,1,5,NA,8,4261,NA,0.48878222036912,-0.243668750363586,"Non-migrant"
"467","SAH067",422,"Sahavazina","Sahavazina",2,2,1.59,12,1,1,3,0,8,6,7,4201,0,2.72915522166436,-0.246018370707622,"Migrant"
"468","SAH068",423,"Sahavazina","Sahavazina",2,1,0.02,4,0,1,0,0,28,4,5,4201,20.54,-0.667736723157195,-0.710060648614269,"Migrant"
"469","SAH069",424,"Sahavazina","Sahavazina",2,1,0.01,10,0,1,1,1,32,NA,2,5363,NA,0.313759449113968,-0.965106152722658,"Non-migrant"
"470","SAH070",425,"Sahavazina","Sahavazina",2,1,0.09,6,0,1,1,1,6,NA,5,5211,NA,-0.123526708793041,-0.629910237361769,"Non-migrant"
"471","SAH071",426,"Sahavazina","Sahavazina",2,1,0.02,7,0,1,2,1,56,NA,5,4472,NA,0.29065513054282,-0.52423031439849,"Non-migrant"
"472","SAH072",427,"Sahavazina","Sahavazina",2,1,0.05,2,0,1,3,1,4,NA,3,4490,NA,0.0463194035742266,0.0769597982149419,"Non-migrant"
"473","SAH073",428,"Sahavazina","Sahavazina",1,1,0.93,6,0,0,1,0,3,3,2,4460,0,-0.988502868290511,0.10417996471801,"Migrant"
"474","SAH074",429,"Sahavazina","Sahavazina",1,1,0.06,4,0,1,1,1,24,NA,4,4482,NA,-0.775648603695347,-0.255292484881475,"Non-migrant"
"475","SAH075",430,"Sahavazina","Sahavazina",1,1,0,6,0,0,1,0,6,3,5,4500,NA,-1.10886018743384,-0.234511312971887,"Migrant"
"476","SAH076",431,"Sahavazina","Sahavazina",1,1,0.05,5,0,0,1,1,6,NA,7,4501,NA,-1.21429923274467,-0.139786809044894,"Non-migrant"
"477","SAH077",432,"Sahavazina","Sahavazina",1,1,0,7,0,0,1,1,1,NA,4,4464,NA,-0.996950318513142,-0.311026608420928,"Non-migrant"
"478","SAH078",433,"Sahavazina","Sahavazina",1,1,0.03,10,1,1,3,1,15,NA,6,4460,NA,1.10634253029634,0.91455121561128,"Non-migrant"
"479","SAH079",434,"Sahavazina","Sahavazina",1,2,0.08,10,1,1,3,1,9,NA,6,4489,NA,1.88549694791031,-0.41039318917469,"Non-migrant"
"480","SAH080",435,"Sahavazina","Sahavazina",1,1,0.05,11,0,1,3,0,2,3,5,4464,20.54,0.629088560965475,-0.379165174157452,"Migrant"
"481","SAH081",436,"Sahavazina","Sahavazina",1,1,0.79,10,0,1,3,1,15,NA,9,4493,NA,0.612946881470652,-0.0331535932347295,"Non-migrant"
"482","SAH082",437,"Sahavazina","Sahavazina",1,1,0.81,12,0,1,1,1,60,NA,5,6355,NA,0.216692701818053,-0.594276721304537,"Non-migrant"
"483","SAH083",438,"Sahavazina","Sahavazina",2,1,0.04,3,1,1,1,0,1,4,3,6337,24.11,0.126025028530521,0.805911218218277,"Migrant"
"484","SAH084",439,"Sahavazina","Sahavazina",1,1,0.13,9,0,1,1,0,12,4,6,6370,24.11,-0.207040106038075,-0.612376070257551,"Migrant"
"485","SAH085",440,"Sahavazina","Sahavazina",2,1,0,6,1,1,1,1,6,NA,6,6339,NA,0.45657797640472,0.56179796508879,"Non-migrant"
"486","SAH086",441,"Sahavazina","Sahavazina",2,1,0.02,9,0,1,1,1,36,NA,4,6352,NA,0.203143744915244,-0.884949015578026,"Non-migrant"
"487","SAH087",442,"Sahavazina","Sahavazina",1,1,0,9,0,1,1,1,1,NA,2,6342,NA,-0.223864247423702,-0.659720012300225,"Non-migrant"
"488","SAH088",443,"Sahavazina","Sahavazina",1,1,0.8,3,1,1,1,1,7,NA,3,6343,NA,-0.200038115494668,1.31520387375212,"Non-migrant"
"489","SAH089",444,"Sahavazina","Sahavazina",1,1,0.01,3,1,0,1,1,10,NA,6,6327,NA,-0.851543461778447,1.2231611927817,"Non-migrant"
"490","SAH090",445,"Sahavazina","Sahavazina",1,1,0.01,1,1,1,1,1,20,NA,4,6340,NA,-0.526096866371785,1.18052897069857,"Non-migrant"
"491","SAH091",446,"Sahavazina","Sahavazina",1,1,0,1,0,0,1,1,5,NA,5,7111,NA,-1.66840953203731,0.148065164273322,"Non-migrant"
"492","SAH092",447,"Sahavazina","Sahavazina",1,1,0.15,12,0,1,3,1,15,NA,7,6351,NA,0.753940077105882,-0.419262052650591,"Non-migrant"
"493","SAH093",448,"Sahavazina","Sahavazina",3,2,0.12,9,0,1,3,1,27,NA,11,6346,NA,2.03585089597201,-2.00882067799212,"Non-migrant"
"494","SAH094",449,"Sahavazina","Sahavazina",1,1,1.51,9,0,1,2,1,16,NA,10,6367,NA,0.282885749062921,0.0978861940153605,"Non-migrant"
"495","SAH095",450,"Sahavazina","Sahavazina",1,1,0.11,10,0,1,3,1,6,NA,4,6345,NA,0.524943680376608,-0.280798828534869,"Non-migrant"
"496","VBA001",451,"Mantadia","Vohibazaha",1,1,0.03,4,1,0,1,1,10,NA,6,198,NA,-0.73704526341381,1.15392958072384,"Non-migrant"
"497","VBA002",452,"Mantadia","Vohibazaha",1,1,0,10,0,0,0,1,-100,NA,1,-18,NA,-0.972551835220024,-0.748260605049506,"Non-migrant"
"498","VBA003",453,"Mantadia","Vohibazaha",1,1,0.05,5,0,0,1,1,20,NA,5,41,NA,-1.21429923274467,-0.139786809044894,"Non-migrant"
"499","VBA004",454,"Mantadia","Vohibazaha",1,1,0.05,4,0,0,1,1,3,NA,5,-562,NA,-1.32620910166537,-0.0632715135958518,"Non-migrant"
"500","VBA005",455,"Mantadia","Vohibazaha",1,1,0.05,5,1,0,1,1,15,NA,7,-293,NA,-0.622547065049173,1.08469796866598,"Non-migrant"
"501","VBA006",456,"Mantadia","Vohibazaha",1,1,0.1,4,0,0,1,1,7,NA,5,-13,NA,-1.31973827805551,-0.0450623051179004,"Non-migrant"
"502","VBA007",457,"Mantadia","Vohibazaha",1,1,0.06,6,0,0,1,1,43,NA,6,-201,NA,-1.10109519910201,-0.212660262798345,"Non-migrant"
"503","VBA008",458,"Mantadia","Vohibazaha",1,1,0.01,5,0,0,1,1,1,NA,2,-87,NA,-1.21947589163256,-0.154354175827255,"Non-migrant"
"504","VBA009",459,"Mantadia","Vohibazaha",1,1,0.05,5,0,0,1,1,30,NA,13,-5,NA,-1.21429923274467,-0.139786809044894,"Non-migrant"
"505","VBA010",460,"Mantadia","Vohibazaha",1,1,0.05,5,0,0,1,1,9,NA,6,-507,NA,-1.21429923274467,-0.139786809044894,"Non-migrant"
"506","VBA011",461,"Mantadia","Vohibazaha",1,1,0.05,6,0,0,0,1,18,NA,3,-452,NA,-1.41372048729295,-0.423990214775388,"Non-migrant"
"507","VBA012",462,"Mantadia","Vohibazaha",1,1,1.36,7,0,0,1,1,9,NA,6,-85,NA,-0.820943916325053,0.18426386217935,"Non-migrant"
"508","VBA013",463,"Mantadia","Vohibazaha",1,1,2.05,2,0,0,0,1,21,NA,11,3775,NA,-1.60252701858148,0.610439306138836,"Non-migrant"
"509","VBA014",464,"Mantadia","Vohibazaha",1,1,0.04,2,0,0,1,1,12,NA,5,3289,NA,-1.55132300422873,0.0861172356066413,"Non-migrant"
"510","VBA015",465,"Mantadia","Vohibazaha",1,1,0.03,2,0,0,1,1,10,NA,6,2070,NA,-1.5526171689507,0.0824753939110511,"Non-migrant"
"511","VBA016",466,"Mantadia","Vohibazaha",1,1,0.05,3,0,0,1,1,7,NA,5,2144,NA,-1.43811897058606,0.0132437818531899,"Non-migrant"
"512","VBA017",467,"Mantadia","Vohibazaha",1,2,0.1,10,0,1,1,1,8,NA,7,2104,NA,0.673670862720822,-2.04297050405729,"Non-migrant"
"513","VBA018",468,"Mantadia","Vohibazaha",1,1,0.31,5,0,0,1,1,25,NA,8,3465,NA,-1.18065094997342,-0.0450989249595461,"Non-migrant"
"514","VBA019",469,"Mantadia","Vohibazaha",1,2,0.03,12,0,0,1,1,-100,NA,1,2149,NA,0.339165114260362,-2.02583117384329,"Non-migrant"
"515","VBA020",470,"Mantadia","Vohibazaha",1,2,0.1,5,0,0,1,1,6,NA,5,2167,NA,-0.435144815130702,-1.46473121383086,"Non-migrant"
"516","VBA021",471,"Mantadia","Vohibazaha",1,1,0.02,12,0,0,2,1,2,NA,3,-51,NA,-0.12348152099676,-0.478631291993504,"Non-migrant"
"517","VBA022",472,"Mantadia","Vohibazaha",1,2,0.05,11,0,0,3,1,44,NA,7,-33,NA,0.852505821721541,-1.52665597444016,"Non-migrant"
"518","VBA023",473,"Mantadia","Vohibazaha",1,1,0.03,10,0,1,3,1,16,NA,7,-248,NA,0.514590362600838,-0.309933562099591,"Non-migrant"
"519","VBA024",474,"Mantadia","Vohibazaha",2,1,0.05,9,0,0,3,1,10,NA,5,-122,NA,0.280422152771038,-0.262984456947137,"Non-migrant"
"520","VBA025",475,"Mantadia","Vohibazaha",1,2,0.51,11,1,0,3,1,9,NA,6,-866,NA,1.50378956662772,-0.134646478732136,"Non-migrant"
"521","VBA026",476,"Mantadia","Vohibazaha",1,2,0.51,12,0,0,3,1,28,NA,9,-78,NA,1.02394726785291,-1.43564655189205,"Non-migrant"
"522","VBA027",477,"Mantadia","Vohibazaha",1,2,0.24,8,0,0,2,1,4,NA,4,-558,NA,0.230034221207945,-1.43560320615827,"Non-migrant"
"523","VBA028",478,"Mantadia","Vohibazaha",2,1,0.02,7,0,0,3,1,4,NA,7,146,NA,0.0527199207637352,-0.120879391135824,"Non-migrant"
"524","VBA029",479,"Mantadia","Vohibazaha",1,2,0,5,0,0,3,1,50,NA,1,3703,NA,0.174575784587517,-1.08577341022386,"Non-migrant"
"525","VBA030",480,"Mantadia","Vohibazaha",2,2,0.01,8,0,1,3,1,20,NA,3,3323,NA,1.48528555221463,-1.73985295452559,"Non-migrant"
"526","VBA031",481,"Mantadia","Vohibazaha",1,2,0.04,12,0,0,3,1,4,NA,4,4157,NA,0.963121525920265,-1.60681311158479,"Non-migrant"
"527","VBA032",482,"Mantadia","Vohibazaha",1,1,0.01,12,0,1,3,1,4,NA,3,4096,NA,0.735821770998285,-0.470247836388855,"Non-migrant"
"528","VBA033",483,"Mantadia","Vohibazaha",1,1,0.02,6,0,0,3,1,4,NA,6,3973,NA,-0.483609611051963,0.188148590982198,"Non-migrant"
"529","VBA034",484,"Mantadia","Vohibazaha",1,1,0.02,6,0,0,3,1,2,NA,3,3943,NA,-0.483609611051963,0.188148590982198,"Non-migrant"
"530","VBA035",485,"Mantadia","Vohibazaha",1,2,0.33,10,1,0,3,1,20,NA,7,3973,NA,1.36858473271154,-0.12368433380372,"Non-migrant"
"531","VBA036",486,"Mantadia","Vohibazaha",1,1,0.08,10,0,0,3,1,38,NA,5,2141,NA,-0.0282051470373567,-0.0960615406404266,"Non-migrant"
"532","VBA037",487,"Mantadia","Vohibazaha",1,2,0.23,6,0,0,1,1,10,NA,6,33,NA,-0.306410804824381,-1.49390256723723,"Non-migrant"
"533","VBA038",488,"Mantadia","Vohibazaha",1,1,2.2,8,0,0,1,1,20,NA,5,87,NA,-0.600324210758774,0.413663269159893,"Non-migrant"
"534","VBA039",489,"Mantadia","Vohibazaha",1,1,0.04,6,0,0,3,1,1,NA,3,18,NA,-0.48102128160802,0.195432274373379,"Non-migrant"
"535","VBA040",490,"Mantadia","Vohibazaha",1,2,0.08,8,0,0,3,1,8,NA,3,248,NA,0.520658709125371,-1.28618456300627,"Non-migrant"
"536","VBA041",491,"Mantadia","Vohibazaha",1,1,0.1,5,0,0,1,1,30,NA,4,33,NA,-1.20782840913482,-0.121577600566942,"Non-migrant"
"537","VBA042",492,"Mantadia","Vohibazaha",1,1,0.02,7,0,1,3,1,1,NA,3,5,NA,0.177566591116783,-0.0840295174480564,"Non-migrant"
"538","VBA043",493,"Mantadia","Vohibazaha",1,2,2.7,12,0,0,3,1,30,NA,5,78,NA,1.30736934196461,-0.638083220557777,"Non-migrant"
"539","VBA044",494,"Mantadia","Vohibazaha",1,2,0.02,10,0,0,3,1,5,NA,5,85,NA,0.736713458634933,-1.46106620407789,"Non-migrant"
"540","VBA045",495,"Mantadia","Vohibazaha",1,2,0.2,8,0,0,1,1,6,NA,5,3973,NA,-0.0864735611489052,-1.65785868322209,"Non-migrant"
"541","VBA046",496,"Mantadia","Vohibazaha",1,2,0.02,7,0,0,1,1,4,NA,3,3973,NA,-0.221678395065082,-1.64689653829367,"Non-migrant"
"542","VBA047",497,"Mantadia","Vohibazaha",1,2,0.06,7,0,0,3,1,6,NA,7,3289,NA,0.406160510760734,-1.2169529509484,"Non-migrant"
"543","VBA048",498,"Mantadia","Vohibazaha",1,2,0.74,10,0,0,3,1,41,NA,3,3323,NA,0.829893318616862,-1.19885360199539,"Non-migrant"
"544","VBA049",499,"Mantadia","Vohibazaha",1,2,0.05,4,0,0,3,1,10,NA,7,3323,NA,0.0691367392766787,-0.991048906296869,"Non-migrant"
"545","VBA050",500,"Mantadia","Vohibazaha",1,2,0.02,5,1,1,3,1,8,NA,6,3973,NA,1.31818261497501,-0.0496677621030235,"Non-migrant"
"546","VBA051",501,"Mantadia","Vohibazaha",1,2,0.12,6,0,0,1,1,20,NA,7,3973,NA,-0.320646616766065,-1.53396282588873,"Non-migrant"
"547","VBA052",502,"Mantadia","Vohibazaha",2,2,0,10,1,1,3,1,5,NA,4,3973,NA,2.29956329302955,-0.672040609408393,"Non-migrant"
"548","VBA053",503,"Mantadia","Vohibazaha",3,2,1.7,9,0,0,3,1,23,NA,10,3973,NA,1.69106258879541,-1.23774687710764,"Non-migrant"
"549","VBA054",504,"Mantadia","Vohibazaha",1,2,0.07,9,0,0,1,1,8,NA,9,3973,NA,0.00861216638616316,-1.7817179207138,"Non-migrant"
"550","VBA055",505,"Mantadia","Vohibazaha",2,2,0.25,5,0,1,1,1,23,NA,8,3973,NA,0.557953651841921,-1.8382790880472,"Non-migrant"
"551","VBA056",506,"Mantadia","Vohibazaha",2,2,0.05,10,0,1,2,1,12,NA,5,3973,NA,1.40295082547493,-2.08600428892277,"Non-migrant"
"552","VBA057",507,"Mantadia","Vohibazaha",1,2,0.25,12,0,0,1,1,1,NA,3,2121,NA,0.367636738143729,-1.9457106565403,"Non-migrant"
"553","VVE001",508,"Mantadia","Volove",1,1,0.15,7,1,0,3,1,7,NA,10,2518,NA,0.23687656694986,1.3834620152867,"Non-migrant"
"554","VVE002",509,"Mantadia","Volove",1,1,0,4,0,0,0,1,28,NA,4,2914,NA,-1.64401104874419,-0.289168832355256,"Non-migrant"
"555","VVE003",510,"Mantadia","Volove",1,1,0.13,5,0,0,1,1,11,NA,8,2951,NA,-1.2039459149689,-0.110652075480171,"Non-migrant"
"556","VVE004",511,"Mantadia","Volove",1,1,0.05,6,0,0,2,1,6,NA,7,2452,NA,-0.791058240355014,-0.00861399421248293,"Non-migrant"
"557","VVE005",512,"Mantadia","Volove",1,1,0.27,9,0,0,2,0,6,4,5,1409,18.22,-0.426857009709563,-0.158039363256622,"Migrant"
"558","VVE006",513,"Mantadia","Volove",1,2,0.49,6,1,0,3,0,10,3,4,1359,108.909,0.941651892580305,0.240646315121891,"Migrant"
"559","VVE007",514,"Mantadia","Volove",1,1,0.05,5,0,0,1,1,10,NA,11,3343,NA,-1.21429923274467,-0.139786809044894,"Non-migrant"
"560","VVE008",515,"Mantadia","Volove",1,1,0.3,8,0,0,1,1,13,NA,6,3285,NA,-0.84621550793331,-0.278286653002262,"Non-migrant"
"561","VVE009",516,"Mantadia","Volove",1,1,0.09,7,1,1,2,1,45,NA,3,1379,NA,0.467046788397118,0.958260041850495,"Non-migrant"
"562","VVE010",517,"Mantadia","Volove",1,2,0.08,8,0,1,3,1,1,NA,3,1346,NA,1.06992504237342,-1.48184737598748,"Non-migrant"
"563","VVE011",518,"Mantadia","Volove",1,2,0.04,6,0,0,1,0,4,3,6,855,0,-0.330999934541834,-1.56309755945345,"Migrant"
"564","VVE012",519,"Mantadia","Volove",1,1,0.07,7,0,0,1,1,3,NA,4,1378,NA,-0.987891165459343,-0.285533716551796,"Non-migrant"
"565","VVE013",520,"Mantadia","Volove",1,2,0.08,8,0,0,3,1,-100,NA,2,1179,NA,0.520658709125371,-1.28618456300627,"Non-migrant"
"566","VVE014",521,"Mantadia","Volove",1,1,4.24,12,0,0,1,1,1,NA,8,1528,NA,0.111324868206137,0.850537793264144,"Non-migrant"
"567","VVE015",522,"Mantadia","Volove",1,1,0,10,0,0,3,1,3,NA,3,1453,NA,-0.0385584648131266,-0.125196274205149,"Non-migrant"
"568","VVE016",523,"Mantadia","Volove",1,2,0.1,12,0,1,3,1,10,NA,5,1465,NA,1.52015284750014,-1.78062487439246,"Non-migrant"
"569","VVE017",524,"Mantadia","Volove",1,2,7.2,4,1,1,2,1,20,NA,4,1459,NA,1.8241518929607,2.43400176049839,"Non-migrant"
"570","VVE018",525,"Mantadia","Volove",1,2,0.04,10,0,0,3,1,34,NA,3,2427,NA,0.739301788078875,-1.45378252068671,"Non-migrant"
"571","VVE019",526,"Mantadia","Volove",1,1,0.05,8,0,0,3,1,3,NA,4,1364,NA,-0.25590737904466,0.0460435251708859,"Non-migrant"
"572","VVE020",527,"Mantadia","Volove",1,1,0.06,8,0,0,3,1,32,NA,6,2279,NA,-0.254613214322688,0.0496853668664762,"Non-migrant"
"573","VVE021",528,"Mantadia","Volove",1,2,0.06,11,0,0,3,0,16,4,6,1367,22.04,0.853799986443512,-1.52301413274457,"Migrant"
"574","VVE022",529,"Mantadia","Volove",1,2,0.04,9,0,0,3,1,34,NA,3,1328,NA,0.627391919158181,-1.37726722523767,"Non-migrant"
"575","VVE023",530,"Mantadia","Volove",1,2,0.02,5,0,1,3,1,50,NA,11,4444,NA,0.72643044727951,-1.27415253981389,"Non-migrant"
"576","VVE024",531,"Mantadia","Volove",1,1,0.05,4,0,0,2,1,3,NA,3,3048,NA,-1.0148779781964,0.144416596685601,"Non-migrant"
"577","VVE025",532,"Mantadia","Volove",1,2,0.06,10,0,0,3,1,39,NA,5,31,NA,0.741890117522818,-1.44649883729553,"Non-migrant"
"578","VVE026",533,"Mantadia","Volove",1,2,0.24,7,0,1,3,1,26,NA,6,1420,NA,0.978721809004267,-1.34706261340899,"Non-migrant"
"579","VVE027",534,"Mantadia","Volove",1,1,0.03,12,0,0,3,1,15,NA,3,495,NA,0.189143767194176,-0.267301340016461,"Non-migrant"
"580","VVE028",535,"Mantadia","Volove",1,1,0.04,9,0,0,3,1,36,NA,3,1465,NA,-0.145291674845936,-0.034113611973746,"Non-migrant"
"581","VVE029",536,"Mantadia","Volove",1,1,0.05,12,0,0,3,1,4,NA,1,1387,NA,0.191732096638119,-0.260017656625281,"Non-migrant"
"582","VVE030",537,"Mantadia","Volove",1,2,0.1,10,1,0,3,1,38,NA,11,1353,NA,1.3388189441062,-0.207446692802296,"Non-migrant"
"583","VVE031",538,"Mantadia","Volove",1,2,0.05,5,0,0,3,1,46,NA,2,1935,NA,0.181046608197373,-1.06756420174591,"Non-migrant"
"584","VVE032",539,"Mantadia","Volove",2,2,0.08,12,1,1,3,1,26,NA,6,1367,NA,2.53373634864671,-0.795936466741755,"Non-migrant"
"585","VVE033",540,"Mantadia","Volove",1,1,0.14,7,0,0,3,1,7,NA,5,2361,NA,-0.356169765467613,0.15533539588024,"Non-migrant"
"586","VVE034",541,"Mantadia","Volove",1,1,0,4,0,0,1,1,22,NA,4,1367,NA,-1.33267992527523,-0.0814807220738032,"Non-migrant"
"587","VVE035",542,"Mantadia","Volove",1,1,0.01,3,0,0,2,1,1,NA,2,1879,NA,-1.13196450600498,0.206364525352281,"Non-migrant"
"588","VVE036",543,"Mantadia","Volove",1,1,0.05,2,0,1,2,1,19,NA,8,1942,NA,-0.689431382789742,0.101784374602471,"Non-migrant"
"589","VVE037",544,"Mantadia","Volove",1,1,0.08,7,0,1,3,1,10,NA,8,1336,NA,0.18533157944861,-0.0621784672745147,"Non-migrant"
"590","VVE038",545,"Mantadia","Volove",1,1,0,3,0,1,1,1,3,NA,4,1332,NA,-0.895323460947869,-0.200628239605975,"Non-migrant"
"591","VVE039",546,"Mantadia","Volove",1,2,0.08,12,0,0,3,1,40,NA,3,1326,NA,0.96829818480815,-1.59224574480243,"Non-migrant"
"592","VVE040",547,"Mantadia","Volove",1,1,0.02,2,0,0,1,1,32,NA,3,1367,NA,-1.55391133367267,0.0788335522154607,"Non-migrant"
"593","VVE041",548,"Mantadia","Volove",1,1,0.15,8,0,0,2,1,13,NA,7,1367,NA,-0.554296855293913,-0.125226168154664,"Non-migrant"
"594","VVE042",549,"Mantadia","Volove",1,1,0.12,8,0,0,1,1,5,NA,4,1367,NA,-0.869510472928792,-0.343839803522887,"Non-migrant"
"595","VVE043",550,"Mantadia","Volove",1,2,0.01,10,0,0,3,1,20,NA,8,1367,NA,0.735419293912962,-1.46470804577348,"Non-migrant"
"596","VVE044",551,"Mantadia","Volove",2,2,0.5,12,0,0,3,1,23,NA,6,1962,NA,1.44707276602594,-1.67180108025662,"Non-migrant"
"597","VVE045",552,"Mantadia","Volove",1,2,0.01,12,0,0,3,1,3,NA,2,831,NA,0.959239031754351,-1.61773863667156,"Non-migrant"
"598","VVE046",553,"Mantadia","Volove",1,2,6,10,0,0,1,1,15,NA,9,754,NA,0.887961715435803,0.301378909322196,"Non-migrant"
"599","VVE047",554,"Mantadia","Volove",1,1,0,5,0,0,1,0,-100,4,1,1480,116.28,-1.22077005635453,-0.157996017522845,"Migrant"
